
INSERT INTO GRUPA (ID,NAZWA) VALUES (1, 'Grupa A');
INSERT INTO GRUPA (ID,NAZWA) VALUES (2, 'Grupa B');
INSERT INTO GRUPA (ID,NAZWA) VALUES (3, 'Grupa C');
INSERT INTO GRUPA (ID,NAZWA) VALUES (4, 'Grupa D');
INSERT INTO GRUPA (ID,NAZWA) VALUES (5, 'Grupa E');
INSERT INTO GRUPA (ID,NAZWA) VALUES (6, 'Grupa F');
INSERT INTO GRUPA (ID,NAZWA) VALUES (7, 'Grupa G');
INSERT INTO GRUPA (ID,NAZWA) VALUES (8, 'Grupa H');
INSERT INTO GRUPA (ID,NAZWA) VALUES (10, '1/8');
INSERT INTO GRUPA (ID,NAZWA) VALUES (11, '1/4');
INSERT INTO GRUPA (ID,NAZWA) VALUES (12, '1/2');
INSERT INTO GRUPA (ID,NAZWA) VALUES (13, '3 miejsce');
INSERT INTO GRUPA (ID,NAZWA) VALUES (14, 'finał');

INSERT INTO KLUB (ID,NAZWA) VALUES (1, 'FC Köln (GER)');
INSERT INTO KLUB (ID,NAZWA) VALUES (2, 'Aalborg BK (DEN)');
INSERT INTO KLUB (ID,NAZWA) VALUES (3, 'Aberdeen FC (SCO)');
INSERT INTO KLUB (ID,NAZWA) VALUES (4, 'AC Deportivo Cali (COL)');
INSERT INTO KLUB (ID,NAZWA) VALUES (5, 'AC Milan (ITA)');
INSERT INTO KLUB (ID,NAZWA) VALUES (6, 'ACF Fiorentina (ITA)');
INSERT INTO KLUB (ID,NAZWA) VALUES (7, 'Adanaspor (TUR)');
INSERT INTO KLUB (ID,NAZWA) VALUES (8, 'ADO Den Haag (NED)');
INSERT INTO KLUB (ID,NAZWA) VALUES (9, 'AEK Athens (GRE)');
INSERT INTO KLUB (ID,NAZWA) VALUES (10, 'AFC Ajax (NED)');
INSERT INTO KLUB (ID,NAZWA) VALUES (11, 'Al Ahli SC (KSA)');
INSERT INTO KLUB (ID,NAZWA) VALUES (12, 'Al Ahly SC (EGY)');
INSERT INTO KLUB (ID,NAZWA) VALUES (13, 'Al Ain FC (UAE)');
INSERT INTO KLUB (ID,NAZWA) VALUES (14, 'Al Batin FC (KSA)');
INSERT INTO KLUB (ID,NAZWA) VALUES (15, 'Al Fateh FC (KSA)');
INSERT INTO KLUB (ID,NAZWA) VALUES (16, 'Al Gharafa SC (QAT)');
INSERT INTO KLUB (ID,NAZWA) VALUES (17, 'Al Hilal SFC (KSA)');
INSERT INTO KLUB (ID,NAZWA) VALUES (18, 'Al Ittifaq FC (KSA)');
INSERT INTO KLUB (ID,NAZWA) VALUES (19, 'Al Jazira (UAE)');
INSERT INTO KLUB (ID,NAZWA) VALUES (20, 'Al Nassr FC (KSA)');
INSERT INTO KLUB (ID,NAZWA) VALUES (21, 'Al Raed SC (KSA)');
INSERT INTO KLUB (ID,NAZWA) VALUES (22, 'Al Sadd SC (QAT)');
INSERT INTO KLUB (ID,NAZWA) VALUES (23, 'Al Shabab FC (KSA)');
INSERT INTO KLUB (ID,NAZWA) VALUES (24, 'Al Taawoun FC (KSA)');
INSERT INTO KLUB (ID,NAZWA) VALUES (25, 'Alianza Lima (PER)');
INSERT INTO KLUB (ID,NAZWA) VALUES (26, 'Al-Ittihad FC (KSA)');
INSERT INTO KLUB (ID,NAZWA) VALUES (27, 'Amiens SC (FRA)');
INSERT INTO KLUB (ID,NAZWA) VALUES (28, 'Antalyaspor AS (TUR)');
INSERT INTO KLUB (ID,NAZWA) VALUES (29, 'Arsenal FC (ENG)');
INSERT INTO KLUB (ID,NAZWA) VALUES (30, 'AS Monaco (FRA)');
INSERT INTO KLUB (ID,NAZWA) VALUES (31, 'AS Roma (ITA)');
INSERT INTO KLUB (ID,NAZWA) VALUES (32, 'Asan Mugunghwa FC (KOR)');
INSERT INTO KLUB (ID,NAZWA) VALUES (33, 'Aston Villa FC (ENG)');
INSERT INTO KLUB (ID,NAZWA) VALUES (34, 'Atalanta Bergamo (ITA)');
INSERT INTO KLUB (ID,NAZWA) VALUES (35, 'Athletic Bilbao (ESP)');
INSERT INTO KLUB (ID,NAZWA) VALUES (36, 'Atlético Bucaramanga (COL)');
INSERT INTO KLUB (ID,NAZWA) VALUES (37, 'Atletico Junior (COL)');
INSERT INTO KLUB (ID,NAZWA) VALUES (38, 'Atletico Madrid (ESP)');
INSERT INTO KLUB (ID,NAZWA) VALUES (39, 'Atromitos FC (GRE)');
INSERT INTO KLUB (ID,NAZWA) VALUES (40, 'AZ Alkmaar (NED)');
INSERT INTO KLUB (ID,NAZWA) VALUES (41, 'Bayer 04 Leverkusen (GER)');
INSERT INTO KLUB (ID,NAZWA) VALUES (42, 'Beijing Guoan (CHN)');
INSERT INTO KLUB (ID,NAZWA) VALUES (43, 'Besiktas JK (TUR)');
INSERT INTO KLUB (ID,NAZWA) VALUES (44, 'Birmingham City FC (ENG)');
INSERT INTO KLUB (ID,NAZWA) VALUES (45, 'Bologna FC (ITA)');
INSERT INTO KLUB (ID,NAZWA) VALUES (46, 'Borussia Dortmund (GER)');
INSERT INTO KLUB (ID,NAZWA) VALUES (47, 'Brentford FC (ENG)');
INSERT INTO KLUB (ID,NAZWA) VALUES (48, 'Brighton & Hove Albion FC (ENG)');
INSERT INTO KLUB (ID,NAZWA) VALUES (49, 'Bristol City FC (ENG)');
INSERT INTO KLUB (ID,NAZWA) VALUES (50, 'Brondby IF (DEN)');
INSERT INTO KLUB (ID,NAZWA) VALUES (51, 'Burnley FC (ENG)');
INSERT INTO KLUB (ID,NAZWA) VALUES (52, 'Bursaspor (TUR)');
INSERT INTO KLUB (ID,NAZWA) VALUES (53, 'CA Boca Juniors (ARG)');
INSERT INTO KLUB (ID,NAZWA) VALUES (54, 'CA Independiente (ARG)');
INSERT INTO KLUB (ID,NAZWA) VALUES (55, 'CA Monarcas Morelia (MEX)');
INSERT INTO KLUB (ID,NAZWA) VALUES (56, 'CA Penarol (URU)');
INSERT INTO KLUB (ID,NAZWA) VALUES (57, 'CA River Plate (ARG)');
INSERT INTO KLUB (ID,NAZWA) VALUES (58, 'Cafetaleros de Tapachula (MEX)');
INSERT INTO KLUB (ID,NAZWA) VALUES (59, 'Cardiff City FC (WAL)');
INSERT INTO KLUB (ID,NAZWA) VALUES (60, 'CD Huachipato (CHI)');
INSERT INTO KLUB (ID,NAZWA) VALUES (61, 'CD Leganés (ESP)');
INSERT INTO KLUB (ID,NAZWA) VALUES (62, 'CD Numancia (ESP)');
INSERT INTO KLUB (ID,NAZWA) VALUES (63, 'CD Olimpia (HON)');
INSERT INTO KLUB (ID,NAZWA) VALUES (64, 'CD Once Caldas (COL)');
INSERT INTO KLUB (ID,NAZWA) VALUES (65, 'CD Tiburones Rojos de Veracruz (MEX)');
INSERT INTO KLUB (ID,NAZWA) VALUES (66, 'Celta Vigo (ESP)');
INSERT INTO KLUB (ID,NAZWA) VALUES (67, 'Celtic FC (SCO)');
INSERT INTO KLUB (ID,NAZWA) VALUES (68, 'Cercle Brugge (BEL)');
INSERT INTO KLUB (ID,NAZWA) VALUES (69, 'Cerezo Osaka (JPN)');
INSERT INTO KLUB (ID,NAZWA) VALUES (70, 'CF Atlas (MEX)');
INSERT INTO KLUB (ID,NAZWA) VALUES (71, 'CF Monterrey (MEX)');
INSERT INTO KLUB (ID,NAZWA) VALUES (72, 'CF Pachuca (MEX)');
INSERT INTO KLUB (ID,NAZWA) VALUES (73, 'Changchun Yatai (CHN)');
INSERT INTO KLUB (ID,NAZWA) VALUES (74, 'Chelsea FC (ENG)');
INSERT INTO KLUB (ID,NAZWA) VALUES (75, 'Chippa United FC (RSA)');
INSERT INTO KLUB (ID,NAZWA) VALUES (76, 'Chorrillo FC (PAN)');
INSERT INTO KLUB (ID,NAZWA) VALUES (77, 'Club Africain (TUN)');
INSERT INTO KLUB (ID,NAZWA) VALUES (78, 'Club América (MEX)');
INSERT INTO KLUB (ID,NAZWA) VALUES (79, 'Club Brugge KV (BEL)');
INSERT INTO KLUB (ID,NAZWA) VALUES (80, 'Club Universidad de Chile (CHI)');
INSERT INTO KLUB (ID,NAZWA) VALUES (81, 'CR Flamengo (BRA)');
INSERT INTO KLUB (ID,NAZWA) VALUES (82, 'CR Vasco da Gama (BRA)');
INSERT INTO KLUB (ID,NAZWA) VALUES (83, 'Cruz Azul (MEX)');
INSERT INTO KLUB (ID,NAZWA) VALUES (84, 'Cruzeiro EC (BRA)');
INSERT INTO KLUB (ID,NAZWA) VALUES (85, 'Crystal Palace FC (ENG)');
INSERT INTO KLUB (ID,NAZWA) VALUES (86, 'CS Herediano (CRC)');
INSERT INTO KLUB (ID,NAZWA) VALUES (87, 'CS Maritimo (POR)');
INSERT INTO KLUB (ID,NAZWA) VALUES (88, 'CS Sfaxien (TUN)');
INSERT INTO KLUB (ID,NAZWA) VALUES (89, 'CSD Municipal (GUA)');
INSERT INTO KLUB (ID,NAZWA) VALUES (90, 'CSKA Moscow (RUS)');
INSERT INTO KLUB (ID,NAZWA) VALUES (91, 'DAC Dunajska Streda (SVK)');
INSERT INTO KLUB (ID,NAZWA) VALUES (92, 'Daegu FC (KOR)');
INSERT INTO KLUB (ID,NAZWA) VALUES (93, 'Dalian Yifang FC (CHN)');
INSERT INTO KLUB (ID,NAZWA) VALUES (94, 'Deportivo Alavés (ESP)');
INSERT INTO KLUB (ID,NAZWA) VALUES (95, 'Deportivo La Coruna (ESP)');
INSERT INTO KLUB (ID,NAZWA) VALUES (96, 'Deportivo Municipal (PER)');
INSERT INTO KLUB (ID,NAZWA) VALUES (97, 'Deportivo Saprissa (CRC)');
INSERT INTO KLUB (ID,NAZWA) VALUES (98, 'Deportivo Toluca FC (MEX)');
INSERT INTO KLUB (ID,NAZWA) VALUES (99, 'Dijon FCO (FRA)');
INSERT INTO KLUB (ID,NAZWA) VALUES (100, 'Dinamo Bucharest (ROU)');
INSERT INTO KLUB (ID,NAZWA) VALUES (101, 'EA Guingamp (FRA)');
INSERT INTO KLUB (ID,NAZWA) VALUES (102, 'Eintracht Frankfurt (GER)');
INSERT INTO KLUB (ID,NAZWA) VALUES (103, 'Enyimba FC (NGA)');
INSERT INTO KLUB (ID,NAZWA) VALUES (104, 'ES Troyes (FRA)');
INSERT INTO KLUB (ID,NAZWA) VALUES (105, 'ES Tunis (TUN)');
INSERT INTO KLUB (ID,NAZWA) VALUES (106, 'Esteghlal Tehran FC (IRN)');
INSERT INTO KLUB (ID,NAZWA) VALUES (107, 'Étoile du Sahel (TUN)');
INSERT INTO KLUB (ID,NAZWA) VALUES (108, 'Everton FC (ENG)');
INSERT INTO KLUB (ID,NAZWA) VALUES (109, 'FBC Melgar (PER)');
INSERT INTO KLUB (ID,NAZWA) VALUES (110, 'FC Akhmat Grozny (RUS)');
INSERT INTO KLUB (ID,NAZWA) VALUES (111, 'FC Arsenal Tula (RUS)');
INSERT INTO KLUB (ID,NAZWA) VALUES (112, 'FC Augsburg (GER)');
INSERT INTO KLUB (ID,NAZWA) VALUES (113, 'FC Barcelona (ESP)');
INSERT INTO KLUB (ID,NAZWA) VALUES (114, 'FC Basel (SUI)');
INSERT INTO KLUB (ID,NAZWA) VALUES (115, 'FC Bayern München (GER)');
INSERT INTO KLUB (ID,NAZWA) VALUES (116, 'FC Crotone (ITA)');
INSERT INTO KLUB (ID,NAZWA) VALUES (117, 'FC Dynamo Kyiv (UKR)');
INSERT INTO KLUB (ID,NAZWA) VALUES (118, 'FC Girondins Bordeaux (FRA)');
INSERT INTO KLUB (ID,NAZWA) VALUES (119, 'FC Internazionale (ITA)');
INSERT INTO KLUB (ID,NAZWA) VALUES (120, 'FC Kobenhavn (DEN)');
INSERT INTO KLUB (ID,NAZWA) VALUES (121, 'FC Krasnodar (RUS)');
INSERT INTO KLUB (ID,NAZWA) VALUES (122, 'FC Lausanne-Sport (SUI)');
INSERT INTO KLUB (ID,NAZWA) VALUES (123, 'FC Lokomotiv Moscow (RUS)');
INSERT INTO KLUB (ID,NAZWA) VALUES (124, 'FC Luzern (SUI)');
INSERT INTO KLUB (ID,NAZWA) VALUES (125, 'FC Metz (FRA)');
INSERT INTO KLUB (ID,NAZWA) VALUES (126, 'FC Nantes (FRA)');
INSERT INTO KLUB (ID,NAZWA) VALUES (127, 'FC Nordsjaelland (DEN)');
INSERT INTO KLUB (ID,NAZWA) VALUES (128, 'FC Porto (POR)');
INSERT INTO KLUB (ID,NAZWA) VALUES (129, 'FC Red Bull Salzburg (AUT)');
INSERT INTO KLUB (ID,NAZWA) VALUES (130, 'FC Rostov (RUS)');
INSERT INTO KLUB (ID,NAZWA) VALUES (131, 'FC Rubin Kazan (RUS)');
INSERT INTO KLUB (ID,NAZWA) VALUES (132, 'FC Schalke 04 (GER)');
INSERT INTO KLUB (ID,NAZWA) VALUES (133, 'FC Seoul (KOR)');
INSERT INTO KLUB (ID,NAZWA) VALUES (134, 'FC Shakhtar Donetsk (UKR)');
INSERT INTO KLUB (ID,NAZWA) VALUES (135, 'FC Spartak Moscow (RUS)');
INSERT INTO KLUB (ID,NAZWA) VALUES (136, 'FC St. Pauli (GER)');
INSERT INTO KLUB (ID,NAZWA) VALUES (137, 'FC Tokyo (JPN)');
INSERT INTO KLUB (ID,NAZWA) VALUES (138, 'FC Zenit St. Petersburg (RUS)');
INSERT INTO KLUB (ID,NAZWA) VALUES (139, 'Fenerbahce SK (TUR)');
INSERT INTO KLUB (ID,NAZWA) VALUES (140, 'Feyenoord Rotterdam (NED)');
INSERT INTO KLUB (ID,NAZWA) VALUES (141, 'FK Amkar Perm (RUS)');
INSERT INTO KLUB (ID,NAZWA) VALUES (142, 'FK Crvena Zvezda (SRB)');
INSERT INTO KLUB (ID,NAZWA) VALUES (143, 'FK Partizan (SRB)');
INSERT INTO KLUB (ID,NAZWA) VALUES (144, 'Fortuna Düsseldorf (GER)');
INSERT INTO KLUB (ID,NAZWA) VALUES (145, 'FSV Mainz 05 (GER)');
INSERT INTO KLUB (ID,NAZWA) VALUES (146, 'Fulham FC (ENG)');
INSERT INTO KLUB (ID,NAZWA) VALUES (147, 'Galatasaray SK (TUR)');
INSERT INTO KLUB (ID,NAZWA) VALUES (148, 'Gamba Osaka (JPN)');
INSERT INTO KLUB (ID,NAZWA) VALUES (149, 'Genoa CFC (ITA)');
INSERT INTO KLUB (ID,NAZWA) VALUES (150, 'Getafe CF (ESP)');
INSERT INTO KLUB (ID,NAZWA) VALUES (151, 'Girona FC (ESP)');
INSERT INTO KLUB (ID,NAZWA) VALUES (152, 'GNK Dinamo Zagreb (CRO)');
INSERT INTO KLUB (ID,NAZWA) VALUES (153, 'Gornik Zabrze (POL)');
INSERT INTO KLUB (ID,NAZWA) VALUES (154, 'Goztepe SK (TUR)');
INSERT INTO KLUB (ID,NAZWA) VALUES (155, 'Grasshopper Club (SUI)');
INSERT INTO KLUB (ID,NAZWA) VALUES (156, 'Gremio FBPA (BRA)');
INSERT INTO KLUB (ID,NAZWA) VALUES (157, 'Guangzhou Evergrande FC (CHN)');
INSERT INTO KLUB (ID,NAZWA) VALUES (158, 'Hamburger SV (GER)');
INSERT INTO KLUB (ID,NAZWA) VALUES (159, 'Hannover 96 (GER)');
INSERT INTO KLUB (ID,NAZWA) VALUES (160, 'Hapoel Be er Sheva FC (ISR)');
INSERT INTO KLUB (ID,NAZWA) VALUES (161, 'Hebei China Fortune FC (CHN)');
INSERT INTO KLUB (ID,NAZWA) VALUES (162, 'Hellas Verona FC (ITA)');
INSERT INTO KLUB (ID,NAZWA) VALUES (163, 'Hertha BSC (GER)');
INSERT INTO KLUB (ID,NAZWA) VALUES (164, 'Hibernian FC (SCO)');
INSERT INTO KLUB (ID,NAZWA) VALUES (165, 'HNK Rijeka (CRO)');
INSERT INTO KLUB (ID,NAZWA) VALUES (166, 'Horoya AC (GUI)');
INSERT INTO KLUB (ID,NAZWA) VALUES (167, 'Houston Dynamo (USA)');
INSERT INTO KLUB (ID,NAZWA) VALUES (168, 'Huddersfield Town FC (ENG)');
INSERT INTO KLUB (ID,NAZWA) VALUES (169, 'Hull City FC (ENG)');
INSERT INTO KLUB (ID,NAZWA) VALUES (170, 'IFK Norrkoping FK (SWE)');
INSERT INTO KLUB (ID,NAZWA) VALUES (171, 'IFK Östersund FK (SWE)');
INSERT INTO KLUB (ID,NAZWA) VALUES (172, 'Incheon United FC (KOR)');
INSERT INTO KLUB (ID,NAZWA) VALUES (173, 'Ipswich Town FC (ENG)');
INSERT INTO KLUB (ID,NAZWA) VALUES (174, 'IRT Tanger (MAR)');
INSERT INTO KLUB (ID,NAZWA) VALUES (175, 'Istanbul Başakşehir FK (TUR)');
INSERT INTO KLUB (ID,NAZWA) VALUES (176, 'Jeju United (KOR)');
INSERT INTO KLUB (ID,NAZWA) VALUES (177, 'Jeonbuk Hyundai (KOR)');
INSERT INTO KLUB (ID,NAZWA) VALUES (178, 'Juventus FC (ITA)');
INSERT INTO KLUB (ID,NAZWA) VALUES (179, 'KAA Gent (BEL)');
INSERT INTO KLUB (ID,NAZWA) VALUES (180, 'Karabukspor (TUR)');
INSERT INTO KLUB (ID,NAZWA) VALUES (181, 'KAS Eupen (BEL)');
INSERT INTO KLUB (ID,NAZWA) VALUES (182, 'Kashima Antlers (JPN)');
INSERT INTO KLUB (ID,NAZWA) VALUES (183, 'Kashiwa Reysol (JPN)');
INSERT INTO KLUB (ID,NAZWA) VALUES (184, 'Kasimpasa SK (TUR)');
INSERT INTO KLUB (ID,NAZWA) VALUES (185, 'Kawasaki Frontale (JPN)');
INSERT INTO KLUB (ID,NAZWA) VALUES (186, 'KRC Genk (BEL)');
INSERT INTO KLUB (ID,NAZWA) VALUES (187, 'KSC Lokeren (BEL)');
INSERT INTO KLUB (ID,NAZWA) VALUES (188, 'Kuopion PS (FIN)');
INSERT INTO KLUB (ID,NAZWA) VALUES (189, 'KV Oostende (BEL)');
INSERT INTO KLUB (ID,NAZWA) VALUES (190, 'KV Waasland-Beveren (BEL)');
INSERT INTO KLUB (ID,NAZWA) VALUES (191, 'LA Galaxy (USA)');
INSERT INTO KLUB (ID,NAZWA) VALUES (192, 'LB Chateauroux (FRA)');
INSERT INTO KLUB (ID,NAZWA) VALUES (193, 'LD Alajuelense (CRC)');
INSERT INTO KLUB (ID,NAZWA) VALUES (194, 'Lechia Gdansk (POL)');
INSERT INTO KLUB (ID,NAZWA) VALUES (195, 'Leeds United FC (ENG)');
INSERT INTO KLUB (ID,NAZWA) VALUES (196, 'Legia Warsaw (POL)');
INSERT INTO KLUB (ID,NAZWA) VALUES (197, 'Leicester City FC (ENG)');
INSERT INTO KLUB (ID,NAZWA) VALUES (198, 'Levante UD (ESP)');
INSERT INTO KLUB (ID,NAZWA) VALUES (199, 'Levski Sofia (BUL)');
INSERT INTO KLUB (ID,NAZWA) VALUES (200, 'Lille OSC (FRA)');
INSERT INTO KLUB (ID,NAZWA) VALUES (201, 'Liverpool FC (ENG)');
INSERT INTO KLUB (ID,NAZWA) VALUES (202, 'Lobos BUAP (MEX)');
INSERT INTO KLUB (ID,NAZWA) VALUES (203, 'Los Angeles FC (USA)');
INSERT INTO KLUB (ID,NAZWA) VALUES (204, 'Maccabi Tel-Aviv FC (ISR)');
INSERT INTO KLUB (ID,NAZWA) VALUES (205, 'Malaga CF (ESP)');
INSERT INTO KLUB (ID,NAZWA) VALUES (206, 'Malmö FF (SWE)');
INSERT INTO KLUB (ID,NAZWA) VALUES (207, 'Manchester City FC (ENG)');
INSERT INTO KLUB (ID,NAZWA) VALUES (208, 'Manchester United FC (ENG)');
INSERT INTO KLUB (ID,NAZWA) VALUES (209, 'Melbourne City FC (AUS)');
INSERT INTO KLUB (ID,NAZWA) VALUES (210, 'Millwall FC (ENG)');
INSERT INTO KLUB (ID,NAZWA) VALUES (211, 'Minnesota United FC (USA)');
INSERT INTO KLUB (ID,NAZWA) VALUES (212, 'Montpellier HSC (FRA)');
INSERT INTO KLUB (ID,NAZWA) VALUES (213, 'New York City FC (USA)');
INSERT INTO KLUB (ID,NAZWA) VALUES (214, 'New York Red Bulls (USA)');
INSERT INTO KLUB (ID,NAZWA) VALUES (215, 'Newcastle United Jets FC (AUS)');
INSERT INTO KLUB (ID,NAZWA) VALUES (216, 'Nottingham Forest FC (ENG)');
INSERT INTO KLUB (ID,NAZWA) VALUES (217, 'OGC Nice (FRA)');
INSERT INTO KLUB (ID,NAZWA) VALUES (218, 'Olympiacos Piraeus FC (GRE)');
INSERT INTO KLUB (ID,NAZWA) VALUES (219, 'Olympique Lyon (FRA)');
INSERT INTO KLUB (ID,NAZWA) VALUES (220, 'Olympique Marseille (FRA)');
INSERT INTO KLUB (ID,NAZWA) VALUES (221, 'Orlando City SC (USA)');
INSERT INTO KLUB (ID,NAZWA) VALUES (222, 'Padideh FC (IRN)');
INSERT INTO KLUB (ID,NAZWA) VALUES (223, 'PAOK FC (GRE)');
INSERT INTO KLUB (ID,NAZWA) VALUES (224, 'Paris Saint-Germain FC (FRA)');
INSERT INTO KLUB (ID,NAZWA) VALUES (225, 'Persepolis FC (IRN)');
INSERT INTO KLUB (ID,NAZWA) VALUES (226, 'PFC Ludogorets Razgrad (BUL)');
INSERT INTO KLUB (ID,NAZWA) VALUES (227, 'Plaza Amador (PAN)');
INSERT INTO KLUB (ID,NAZWA) VALUES (228, 'Portland Timbers (USA)');
INSERT INTO KLUB (ID,NAZWA) VALUES (229, 'PSV Eindhoven (NED)');
INSERT INTO KLUB (ID,NAZWA) VALUES (230, 'Puebla FC (MEX)');
INSERT INTO KLUB (ID,NAZWA) VALUES (231, 'Pumas UNAM (MEX)');
INSERT INTO KLUB (ID,NAZWA) VALUES (232, 'Queens Park Rangers FC (ENG)');
INSERT INTO KLUB (ID,NAZWA) VALUES (233, 'Randers FC (DEN)');
INSERT INTO KLUB (ID,NAZWA) VALUES (234, 'Rangers FC (SCO)');
INSERT INTO KLUB (ID,NAZWA) VALUES (235, 'RB Leipzig (GER)');
INSERT INTO KLUB (ID,NAZWA) VALUES (236, 'RCD Espanyol (ESP)');
INSERT INTO KLUB (ID,NAZWA) VALUES (237, 'Reading FC (ENG)');
INSERT INTO KLUB (ID,NAZWA) VALUES (238, 'Real Betis (ESP)');
INSERT INTO KLUB (ID,NAZWA) VALUES (239, 'Real Madrid CF (ESP)');
INSERT INTO KLUB (ID,NAZWA) VALUES (240, 'Real Sociedad (ESP)');
INSERT INTO KLUB (ID,NAZWA) VALUES (241, 'Rionegro Águilas (COL)');
INSERT INTO KLUB (ID,NAZWA) VALUES (242, 'Roskilde BK (DEN)');
INSERT INTO KLUB (ID,NAZWA) VALUES (243, 'RS Berkane (MAR)');
INSERT INTO KLUB (ID,NAZWA) VALUES (244, 'RSC Anderlecht (BEL)');
INSERT INTO KLUB (ID,NAZWA) VALUES (245, 'Sagan Tosu FC (JPN)');
INSERT INTO KLUB (ID,NAZWA) VALUES (246, 'Saipa Alborz FC (IRN)');
INSERT INTO KLUB (ID,NAZWA) VALUES (247, 'San Francisco FC (PAN)');
INSERT INTO KLUB (ID,NAZWA) VALUES (248, 'San Jose Earthquakes (USA)');
INSERT INTO KLUB (ID,NAZWA) VALUES (249, 'Sangju Sangmu FC (KOR)');
INSERT INTO KLUB (ID,NAZWA) VALUES (250, 'Sao Paulo FC (BRA)');
INSERT INTO KLUB (ID,NAZWA) VALUES (251, 'SC Corinthians (BRA)');
INSERT INTO KLUB (ID,NAZWA) VALUES (252, 'SC Heerenveen (NED)');
INSERT INTO KLUB (ID,NAZWA) VALUES (253, 'SD Eibar (ESP)');
INSERT INTO KLUB (ID,NAZWA) VALUES (254, 'SE Palmeiras (BRA)');
INSERT INTO KLUB (ID,NAZWA) VALUES (255, 'Seattle Sounders FC (USA)');
INSERT INTO KLUB (ID,NAZWA) VALUES (256, 'Seongnam FC (KOR)');
INSERT INTO KLUB (ID,NAZWA) VALUES (257, 'Sevilla FC (ESP)');
INSERT INTO KLUB (ID,NAZWA) VALUES (258, 'SL Benfica (POR)');
INSERT INTO KLUB (ID,NAZWA) VALUES (259, 'SM Caen (FRA)');
INSERT INTO KLUB (ID,NAZWA) VALUES (260, 'Southampton FC (ENG)');
INSERT INTO KLUB (ID,NAZWA) VALUES (261, 'SPAL Ferrara (ITA)');
INSERT INTO KLUB (ID,NAZWA) VALUES (262, 'Sport Boys (PER)');
INSERT INTO KLUB (ID,NAZWA) VALUES (263, 'Sporting CP (POR)');
INSERT INTO KLUB (ID,NAZWA) VALUES (264, 'SS Lazio (ITA)');
INSERT INTO KLUB (ID,NAZWA) VALUES (265, 'SSC Napoli (ITA)');
INSERT INTO KLUB (ID,NAZWA) VALUES (266, 'Stade Rennais FC (FRA)');
INSERT INTO KLUB (ID,NAZWA) VALUES (267, 'Standard Liege (BEL)');
INSERT INTO KLUB (ID,NAZWA) VALUES (268, 'Stoke City FC (ENG)');
INSERT INTO KLUB (ID,NAZWA) VALUES (269, 'Sunderland AFC (ENG)');
INSERT INTO KLUB (ID,NAZWA) VALUES (270, 'Suwon Samsung Bluewings FC (KOR)');
INSERT INTO KLUB (ID,NAZWA) VALUES (271, 'SV Sandhausen (GER)');
INSERT INTO KLUB (ID,NAZWA) VALUES (272, 'SV Werder Bremen (GER)');
INSERT INTO KLUB (ID,NAZWA) VALUES (273, 'Swansea City AFC (WAL)');
INSERT INTO KLUB (ID,NAZWA) VALUES (274, 'Tianjin Quanjian FC (CHN)');
INSERT INTO KLUB (ID,NAZWA) VALUES (275, 'Tianjin Teda (CHN)');
INSERT INTO KLUB (ID,NAZWA) VALUES (276, 'Tigres UANL (MEX)');
INSERT INTO KLUB (ID,NAZWA) VALUES (277, 'Torino FC (ITA)');
INSERT INTO KLUB (ID,NAZWA) VALUES (278, 'Tottenham Hotspur FC (ENG)');
INSERT INTO KLUB (ID,NAZWA) VALUES (279, 'Toulouse FC (FRA)');
INSERT INTO KLUB (ID,NAZWA) VALUES (280, 'Trabzonspor (TUR)');
INSERT INTO KLUB (ID,NAZWA) VALUES (281, 'TSG 1899 Hoffenheim (GER)');
INSERT INTO KLUB (ID,NAZWA) VALUES (282, 'UC Sampdoria (ITA)');
INSERT INTO KLUB (ID,NAZWA) VALUES (283, 'UD Las Palmas (ESP)');
INSERT INTO KLUB (ID,NAZWA) VALUES (284, 'Udinese Calcio (ITA)');
INSERT INTO KLUB (ID,NAZWA) VALUES (285, 'Ulsan Hyundai FC (KOR)');
INSERT INTO KLUB (ID,NAZWA) VALUES (286, 'Universidad Técnica de Cajamarca (PER)');
INSERT INTO KLUB (ID,NAZWA) VALUES (287, 'Universitario Lima (PER)');
INSERT INTO KLUB (ID,NAZWA) VALUES (288, 'Urawa Reds (JPN)');
INSERT INTO KLUB (ID,NAZWA) VALUES (289, 'Valencia CF (ESP)');
INSERT INTO KLUB (ID,NAZWA) VALUES (290, 'Valenciennes FC (FRA)');
INSERT INTO KLUB (ID,NAZWA) VALUES (291, 'Valerenga IF (NOR)');
INSERT INTO KLUB (ID,NAZWA) VALUES (292, 'Valur Reykjavik (ISL)');
INSERT INTO KLUB (ID,NAZWA) VALUES (293, 'Vancouver Whitecaps FC (CAN)');
INSERT INTO KLUB (ID,NAZWA) VALUES (294, 'VfB Stuttgart (GER)');
INSERT INTO KLUB (ID,NAZWA) VALUES (295, 'VfL Bochum (GER)');
INSERT INTO KLUB (ID,NAZWA) VALUES (296, 'VfL Borussia Mönchengladbach (GER)');
INSERT INTO KLUB (ID,NAZWA) VALUES (297, 'VfL Wolfsburg (GER)');
INSERT INTO KLUB (ID,NAZWA) VALUES (298, 'Villarreal CF (ESP)');
INSERT INTO KLUB (ID,NAZWA) VALUES (299, 'Vissel Kobe (JPN)');
INSERT INTO KLUB (ID,NAZWA) VALUES (300, 'Vitoria Guimaraes (POR)');
INSERT INTO KLUB (ID,NAZWA) VALUES (301, 'Watford FC (ENG)');
INSERT INTO KLUB (ID,NAZWA) VALUES (302, 'West Bromwich Albion FC (ENG)');
INSERT INTO KLUB (ID,NAZWA) VALUES (303, 'West Ham United FC (ENG)');
INSERT INTO KLUB (ID,NAZWA) VALUES (304, 'Wigan Athletic FC (ENG)');
INSERT INTO KLUB (ID,NAZWA) VALUES (305, 'Wolverhampton Wanderers FC (ENG)');
INSERT INTO KLUB (ID,NAZWA) VALUES (306, 'WS Wanderers FC (AUS)');
INSERT INTO KLUB (ID,NAZWA) VALUES (307, 'Yeni Malatyaspor (TUR)');
INSERT INTO KLUB (ID,NAZWA) VALUES (308, 'Yokohama F-Marinos (JPN)');
INSERT INTO KLUB (ID,NAZWA) VALUES (309, 'Zamalek (EGY)');
INSERT INTO KLUB (ID,NAZWA) VALUES (310, 'Zob Ahan Isfahan FC (IRN)');


-----------------
INSERT INTO KRAJ (ID,NAZWA) VALUES (1, 'Algieria');
INSERT INTO KRAJ (ID,NAZWA) VALUES (2, 'Anglia');
INSERT INTO KRAJ (ID,NAZWA) VALUES (3, 'Arabia Saudyjska');
INSERT INTO KRAJ (ID,NAZWA) VALUES (4, 'Argentyna');
INSERT INTO KRAJ (ID,NAZWA) VALUES (5, 'Australia');
INSERT INTO KRAJ (ID,NAZWA) VALUES (6, 'Bahrajn');
INSERT INTO KRAJ (ID,NAZWA) VALUES (7, 'Belgia');
INSERT INTO KRAJ (ID,NAZWA) VALUES (8, 'Brazylia');
INSERT INTO KRAJ (ID,NAZWA) VALUES (9, 'Chorwacja');
INSERT INTO KRAJ (ID,NAZWA) VALUES (10,'Dania');
INSERT INTO KRAJ (ID,NAZWA) VALUES (11,'Egipt');
INSERT INTO KRAJ (ID,NAZWA) VALUES (12,'Etiopia');
INSERT INTO KRAJ (ID,NAZWA) VALUES (13,'Francja');
INSERT INTO KRAJ (ID,NAZWA) VALUES (14,'Gambia');
INSERT INTO KRAJ (ID,NAZWA) VALUES (15,'Hiszpania');
INSERT INTO KRAJ (ID,NAZWA) VALUES (16,'Holandia');
INSERT INTO KRAJ (ID,NAZWA) VALUES (17,'Iran');
INSERT INTO KRAJ (ID,NAZWA) VALUES (18,'Islandia');
INSERT INTO KRAJ (ID,NAZWA) VALUES (19,'Japonia');
INSERT INTO KRAJ (ID,NAZWA) VALUES (20,'Kolumbia');
INSERT INTO KRAJ (ID,NAZWA) VALUES (21,'Korea Południowa');
INSERT INTO KRAJ (ID,NAZWA) VALUES (22,'Kostaryka');
INSERT INTO KRAJ (ID,NAZWA) VALUES (23,'Maroko');
INSERT INTO KRAJ (ID,NAZWA) VALUES (24,'Meksyk');
INSERT INTO KRAJ (ID,NAZWA) VALUES (25,'Niemcy');
INSERT INTO KRAJ (ID,NAZWA) VALUES (26,'Nigeria');
INSERT INTO KRAJ (ID,NAZWA) VALUES (27,'Panama');
INSERT INTO KRAJ (ID,NAZWA) VALUES (28,'Paragwaj');
INSERT INTO KRAJ (ID,NAZWA) VALUES (29,'Peru');
INSERT INTO KRAJ (ID,NAZWA) VALUES (30,'Polska');
INSERT INTO KRAJ (ID,NAZWA) VALUES (31,'Portugalia');
INSERT INTO KRAJ (ID,NAZWA) VALUES (32,'Rosja');
INSERT INTO KRAJ (ID,NAZWA) VALUES (33,'Senegal');
INSERT INTO KRAJ (ID,NAZWA) VALUES (34,'Serbia');
INSERT INTO KRAJ (ID,NAZWA) VALUES (35,'Słowenia');
INSERT INTO KRAJ (ID,NAZWA) VALUES (36,'Szwajcaria');
INSERT INTO KRAJ (ID,NAZWA) VALUES (37,'Szwecja');
INSERT INTO KRAJ (ID,NAZWA) VALUES (38,'Tahiti');
INSERT INTO KRAJ (ID,NAZWA) VALUES (39,'Tunezja');
INSERT INTO KRAJ (ID,NAZWA) VALUES (40,'Turcja');
INSERT INTO KRAJ (ID,NAZWA) VALUES (41,'Urugwaj');
INSERT INTO KRAJ (ID,NAZWA) VALUES (42,'USA');
INSERT INTO KRAJ (ID,NAZWA) VALUES (43,'Uzbekistan');
INSERT INTO KRAJ (ID,NAZWA) VALUES (44,'Włochy');
INSERT INTO KRAJ (ID,NAZWA) VALUES (45,'Zambia');
INSERT INTO KRAJ (ID,NAZWA) VALUES (46,'Zjednoczone Emiraty Arabskie');
INSERT INTO KRAJ (ID,NAZWA) VALUES (47,'Nowa Zelandia');
INSERT INTO KRAJ (ID,NAZWA) VALUES (48,'Salwador');
INSERT INTO KRAJ (ID,NAZWA) VALUES (49,'Chile');
INSERT INTO KRAJ (ID,NAZWA) VALUES (50,'Norwegia');
INSERT INTO KRAJ (ID,NAZWA) VALUES (51,'Bośnia i Hercegowina');

INSERT INTO STADION (ID,NAZWA,POJEMNOSC,MIASTO) VALUES (1, 'Kazan Arena', 45105, 'Kazań');
INSERT INTO STADION (ID,NAZWA,POJEMNOSC,MIASTO) VALUES (2, 'Łużniki', 81029, 'Moskwa');
INSERT INTO STADION (ID,NAZWA,POJEMNOSC,MIASTO) VALUES (3, 'Mordowija Ariena', 44149, 'Sarańsk');
INSERT INTO STADION (ID,NAZWA,POJEMNOSC,MIASTO) VALUES (4, 'Otkrytije Ariena', 44000, 'Moskwa');
INSERT INTO STADION (ID,NAZWA,POJEMNOSC,MIASTO) VALUES (5, 'Rostow Arena', 43702, 'Rostów nad Donem');
INSERT INTO STADION (ID,NAZWA,POJEMNOSC,MIASTO) VALUES (6, 'Samara Arena', 44918, 'Samara');
INSERT INTO STADION (ID,NAZWA,POJEMNOSC,MIASTO) VALUES (7, 'Stadion Centralny', 35000, 'Jekaterynburg');
INSERT INTO STADION (ID,NAZWA,POJEMNOSC,MIASTO) VALUES (8, 'Stadion Kaliningrad', 35015, 'Kaliningrad');
INSERT INTO STADION (ID,NAZWA,POJEMNOSC,MIASTO) VALUES (9, 'Stadion Kriestowskij', 56196, 'Sankt Petersburg');
INSERT INTO STADION (ID,NAZWA,POJEMNOSC,MIASTO) VALUES (10, 'Stadion Olimpijski', 44000, 'Soczi');
INSERT INTO STADION (ID,NAZWA,POJEMNOSC,MIASTO) VALUES (11, 'Striełka', 44899, 'Niżny Nowogród');
INSERT INTO STADION (ID,NAZWA,POJEMNOSC,MIASTO) VALUES (12, 'Wołgograd Arena', 45015, 'Wołgograd');


INSERT INTO POZYCJA (ID, NAZWA) VALUES (1, 'bramkarz');
INSERT INTO POZYCJA (ID, NAZWA) VALUES (2, 'obrońca');
INSERT INTO POZYCJA (ID, NAZWA) VALUES (3, 'pomocnik');
INSERT INTO POZYCJA (ID, NAZWA) VALUES (4, 'napastnik');

INSERT INTO REZULTAT (ID,NAZWA) VALUES (1, 'wygrana');
INSERT INTO REZULTAT (ID,NAZWA) VALUES (2, 'porażka');
INSERT INTO REZULTAT (ID,NAZWA) VALUES (3, 'remis');
INSERT INTO REZULTAT (ID,NAZWA) VALUES (4, 'wygrana puchar');
INSERT INTO REZULTAT (ID,NAZWA) VALUES (5, 'wygrana dogrywka');
INSERT INTO REZULTAT (ID,NAZWA) VALUES (6, 'wygrana karne');
INSERT INTO REZULTAT (ID,NAZWA) VALUES (7, 'porażka puchar');
INSERT INTO REZULTAT (ID,NAZWA) VALUES (8, 'porażka dogrywka');
INSERT INTO REZULTAT (ID,NAZWA) VALUES (9, 'porażka karne');

INSERT INTO STREFA (ID, NAZWA, STREFA_KOD) VALUES (1, 'Asian Football Confederation', 'AFC');
INSERT INTO STREFA (ID, NAZWA, STREFA_KOD) VALUES (2, 'Confédération Africaine de Football', 'CAF');
INSERT INTO STREFA (ID, NAZWA, STREFA_KOD) VALUES (3, 'Oceania Football Confederation', 'OFC');
INSERT INTO STREFA (ID, NAZWA, STREFA_KOD) VALUES (4, 'The Confederation of North, Central America and Caribbean Association Football', 'CONCACAF');
INSERT INTO STREFA (ID, NAZWA, STREFA_KOD) VALUES (5, 'The South American Football Confederation', 'CONMEBOL');
INSERT INTO STREFA (ID, NAZWA, STREFA_KOD) VALUES (6, 'Union of European Football Associations', 'UEFA');

INSERT INTO SYTUACJA (ID,NAZWA) VALUES (1, 'bramka');
INSERT INTO SYTUACJA (ID,NAZWA) VALUES (2, 'czerwona kartka');
INSERT INTO SYTUACJA (ID,NAZWA) VALUES (3, 'samobój');
INSERT INTO SYTUACJA (ID,NAZWA) VALUES (4, 'zółta kartka');
INSERT INTO SYTUACJA (ID,NAZWA) VALUES (5, 'czerwona po żółtych');
INSERT INTO SYTUACJA (ID,NAZWA) VALUES (6, 'karny mecz');
INSERT INTO SYTUACJA (ID,NAZWA) VALUES (7, 'karny mecz niewykorzystany');
INSERT INTO SYTUACJA (ID,NAZWA) VALUES (8, 'bramka dogrywka');
INSERT INTO SYTUACJA (ID,NAZWA) VALUES (9, 'czerwona kartka dogrywka');
INSERT INTO SYTUACJA (ID,NAZWA) VALUES (10, 'samobój dogrywka');
INSERT INTO SYTUACJA (ID,NAZWA) VALUES (11, 'zółta kartka dogrywka');
INSERT INTO SYTUACJA (ID,NAZWA) VALUES (12, 'czerwona po żółtych dogrywka');
INSERT INTO SYTUACJA (ID,NAZWA) VALUES (13, 'karny mecz dogrywka');
INSERT INTO SYTUACJA (ID,NAZWA) VALUES (14, 'karny niewykorzystany dogrywka');
INSERT INTO SYTUACJA (ID,NAZWA) VALUES (15, 'karny');
INSERT INTO SYTUACJA (ID,NAZWA) VALUES (16, 'karny niewykorzystany');



INSERT INTO TRENER (ID,NAZWA,KRAJ_ID) VALUES (1, 'Jorge Sampaoli', 4);
INSERT INTO TRENER (ID,NAZWA,KRAJ_ID) VALUES (2, 'Bert van Marwijk', 16);
INSERT INTO TRENER (ID,NAZWA,KRAJ_ID) VALUES (3, 'Roberto Martínez', 15);
INSERT INTO TRENER (ID,NAZWA,KRAJ_ID) VALUES (4, 'Adenor Leonardo Bacchi (Tite)', 8);
INSERT INTO TRENER (ID,NAZWA,KRAJ_ID) VALUES (5, 'José Pékerman', 4);
INSERT INTO TRENER (ID,NAZWA,KRAJ_ID) VALUES (6, 'Óscar Ramírez', 22);
INSERT INTO TRENER (ID,NAZWA,KRAJ_ID) VALUES (7, 'Zlatko Dalić', 9);
INSERT INTO TRENER (ID,NAZWA,KRAJ_ID) VALUES (8, 'Age Hareide', 50);
INSERT INTO TRENER (ID,NAZWA,KRAJ_ID) VALUES (9, 'Héctor Cúper', 4);
INSERT INTO TRENER (ID,NAZWA,KRAJ_ID) VALUES (10, 'Gareth Southgate', 2);
INSERT INTO TRENER (ID,NAZWA,KRAJ_ID) VALUES (11, 'Didier Deschamps', 13);
INSERT INTO TRENER (ID,NAZWA,KRAJ_ID) VALUES (12, 'Joachim Löw', 25);
INSERT INTO TRENER (ID,NAZWA,KRAJ_ID) VALUES (13, 'Heimir Hallgrímsson', 18);
INSERT INTO TRENER (ID,NAZWA,KRAJ_ID) VALUES (14, 'Carlos Queiroz', 31);
INSERT INTO TRENER (ID,NAZWA,KRAJ_ID) VALUES (15, 'Akira Nishino', 19);
INSERT INTO TRENER (ID,NAZWA,KRAJ_ID) VALUES (16, 'Juan Carlos Osorio', 20);
INSERT INTO TRENER (ID,NAZWA,KRAJ_ID) VALUES (17, 'Hervé Renard', 13);
INSERT INTO TRENER (ID,NAZWA,KRAJ_ID) VALUES (18, 'Gernot Rohr', 25);
INSERT INTO TRENER (ID,NAZWA,KRAJ_ID) VALUES (19, 'Hernán Darío Gómez', 20);
INSERT INTO TRENER (ID,NAZWA,KRAJ_ID) VALUES (20, 'Ricardo Gareca', 4);
INSERT INTO TRENER (ID,NAZWA,KRAJ_ID) VALUES (21, 'Adam Nawałka', 30);
INSERT INTO TRENER (ID,NAZWA,KRAJ_ID) VALUES (22, 'Fernando Santos', 31);
INSERT INTO TRENER (ID,NAZWA,KRAJ_ID) VALUES (23, 'Stanislav Cherchesov', 32);
INSERT INTO TRENER (ID,NAZWA,KRAJ_ID) VALUES (24, 'Juan Antonio Pizzi', 15);
INSERT INTO TRENER (ID,NAZWA,KRAJ_ID) VALUES (25, 'Aliou Cissé', 33);
INSERT INTO TRENER (ID,NAZWA,KRAJ_ID) VALUES (26, 'Mladen Krstajić', 34);
INSERT INTO TRENER (ID,NAZWA,KRAJ_ID) VALUES (27, 'Shin Tae-yong', 21);
INSERT INTO TRENER (ID,NAZWA,KRAJ_ID) VALUES (28, 'Julen Lopetegui', 15);
INSERT INTO TRENER (ID,NAZWA,KRAJ_ID) VALUES (29, 'Janne Andersson', 37);
INSERT INTO TRENER (ID,NAZWA,KRAJ_ID) VALUES (30, 'Vladimir Petković', 51);
INSERT INTO TRENER (ID,NAZWA,KRAJ_ID) VALUES (31, 'Nabil Maâloul', 39);

INSERT INTO SEDZIA (ID, NAZWA, KRAJ_ID, STREFA_ID) VALUES (1,'Andres Cunha', 41, 5);
INSERT INTO SEDZIA (ID, NAZWA, KRAJ_ID, STREFA_ID) VALUES (2,'Antonio Mateu Lahoz', 15, 6);
INSERT INTO SEDZIA (ID, NAZWA, KRAJ_ID, STREFA_ID) VALUES (3,'Bjoern Kuipers', 15, 6);
INSERT INTO SEDZIA (ID, NAZWA, KRAJ_ID, STREFA_ID) VALUES (4,'Cesar Ramos', 24, 4);
INSERT INTO SEDZIA (ID, NAZWA, KRAJ_ID, STREFA_ID) VALUES (5,'Clement Turpin', 13, 6);
INSERT INTO SEDZIA (ID, NAZWA, KRAJ_ID, STREFA_ID) VALUES (6,'Cuneyt Cakir', 40, 6);
INSERT INTO SEDZIA (ID, NAZWA, KRAJ_ID, STREFA_ID) VALUES (7,'Damir Skomina', 35, 6);
INSERT INTO SEDZIA (ID, NAZWA, KRAJ_ID, STREFA_ID) VALUES (8,'Enrique Caceres', 28, 5);
INSERT INTO SEDZIA (ID, NAZWA, KRAJ_ID, STREFA_ID) VALUES (9,'Gianluca Rocchi', 44, 6);
INSERT INTO SEDZIA (ID, NAZWA, KRAJ_ID, STREFA_ID) VALUES (10,'Jair Marrufo', 42, 4);
INSERT INTO SEDZIA (ID, NAZWA, KRAJ_ID, STREFA_ID) VALUES (11,'John Piiti', 27, 4);
INSERT INTO SEDZIA (ID, NAZWA, KRAJ_ID, STREFA_ID) VALUES (12,'Mark Geiger', 42, 4);
INSERT INTO SEDZIA (ID, NAZWA, KRAJ_ID, STREFA_ID) VALUES (13,'Milorad Mazic', 34, 6);
INSERT INTO SEDZIA (ID, NAZWA, KRAJ_ID, STREFA_ID) VALUES (14,'Nestor Pitana', 4, 5);
INSERT INTO SEDZIA (ID, NAZWA, KRAJ_ID, STREFA_ID) VALUES (15,'Ricardo Montero', 22, 4);
INSERT INTO SEDZIA (ID, NAZWA, KRAJ_ID, STREFA_ID) VALUES (16,'Sandro Meira Ricci', 8, 5);
INSERT INTO SEDZIA (ID, NAZWA, KRAJ_ID, STREFA_ID) VALUES (17,'Siergiej Karasiew', 32, 6);
INSERT INTO SEDZIA (ID, NAZWA, KRAJ_ID, STREFA_ID) VALUES (18,'Szymon Marciniak', 30, 6);
INSERT INTO SEDZIA (ID, NAZWA, KRAJ_ID, STREFA_ID) VALUES (19,'Wilmar Roldan', 20, 5);
INSERT INTO SEDZIA (ID, NAZWA, KRAJ_ID, STREFA_ID) VALUES (20,'Alireza Faghani', 17, 1);
INSERT INTO SEDZIA (ID, NAZWA, KRAJ_ID, STREFA_ID) VALUES (21,'Bakary Gassama', 14, 2);
INSERT INTO SEDZIA (ID, NAZWA, KRAJ_ID, STREFA_ID) VALUES (22,'Bamlak Tessema', 12, 2);
INSERT INTO SEDZIA (ID, NAZWA, KRAJ_ID, STREFA_ID) VALUES (23,'Fahad Al Mirdasi', 3, 1);
INSERT INTO SEDZIA (ID, NAZWA, KRAJ_ID, STREFA_ID) VALUES (24,'Felix Brych', 25, 6);
INSERT INTO SEDZIA (ID, NAZWA, KRAJ_ID, STREFA_ID) VALUES (25,'Ghead Grisha', 11, 2);
INSERT INTO SEDZIA (ID, NAZWA, KRAJ_ID, STREFA_ID) VALUES (26,'Janny Sikazwe', 45, 2);
INSERT INTO SEDZIA (ID, NAZWA, KRAJ_ID, STREFA_ID) VALUES (27,'Joel Aguilar', 48, 4);
INSERT INTO SEDZIA (ID, NAZWA, KRAJ_ID, STREFA_ID) VALUES (28,'Julio Bascunan', 49, 5);
INSERT INTO SEDZIA (ID, NAZWA, KRAJ_ID, STREFA_ID) VALUES (29,'Malang Diedhiou', 33, 2);
INSERT INTO SEDZIA (ID, NAZWA, KRAJ_ID, STREFA_ID) VALUES (30,'Mattew Conger', 47, 3);
INSERT INTO SEDZIA (ID, NAZWA, KRAJ_ID, STREFA_ID) VALUES (31,'Mehdi Abid Charef', 1, 2);
INSERT INTO SEDZIA (ID, NAZWA, KRAJ_ID, STREFA_ID) VALUES (32,'Mohammed Mohamed', 46, 1);
INSERT INTO SEDZIA (ID, NAZWA, KRAJ_ID, STREFA_ID) VALUES (33,'Nawaf Shukralla', 6, 1);
INSERT INTO SEDZIA (ID, NAZWA, KRAJ_ID, STREFA_ID) VALUES (34,'Norbert Hauata', 38, 3);
INSERT INTO SEDZIA (ID, NAZWA, KRAJ_ID, STREFA_ID) VALUES (35,'Rawszan Irmatow', 43, 1);
INSERT INTO SEDZIA (ID, NAZWA, KRAJ_ID, STREFA_ID) VALUES (36,'Ryuji Sato', 19, 1);

INSERT INTO TEAM (ID, NAZWA, GRUPA_ID, STREFA_ID, TRENER_ID) VALUES (1,'Anglia', 7, 6, 10);
INSERT INTO TEAM (ID, NAZWA, GRUPA_ID, STREFA_ID, TRENER_ID) VALUES (2,'Arabia Saudyjska', 1, 1, 24);
INSERT INTO TEAM (ID, NAZWA, GRUPA_ID, STREFA_ID, TRENER_ID) VALUES (3,'Argentyna', 4, 5, 1);
INSERT INTO TEAM (ID, NAZWA, GRUPA_ID, STREFA_ID, TRENER_ID) VALUES (4,'Australia', 3, 1, 2);
INSERT INTO TEAM (ID, NAZWA, GRUPA_ID, STREFA_ID, TRENER_ID) VALUES (5,'Belgia', 7, 6, 3);
INSERT INTO TEAM (ID, NAZWA, GRUPA_ID, STREFA_ID, TRENER_ID) VALUES (6,'Brazylia', 5, 5, 4);
INSERT INTO TEAM (ID, NAZWA, GRUPA_ID, STREFA_ID, TRENER_ID) VALUES (7,'Chorwacja', 4, 6, 7);
INSERT INTO TEAM (ID, NAZWA, GRUPA_ID, STREFA_ID, TRENER_ID) VALUES (8,'Dania', 3, 6, 8);
INSERT INTO TEAM (ID, NAZWA, GRUPA_ID, STREFA_ID, TRENER_ID) VALUES (9,'Egipt', 1, 2, 9);
INSERT INTO TEAM (ID, NAZWA, GRUPA_ID, STREFA_ID, TRENER_ID) VALUES (10,'Francja', 3, 6, 11);
INSERT INTO TEAM (ID, NAZWA, GRUPA_ID, STREFA_ID, TRENER_ID) VALUES (11,'Hiszpania', 2, 6, 28);
INSERT INTO TEAM (ID, NAZWA, GRUPA_ID, STREFA_ID, TRENER_ID) VALUES (12,'Iran', 2, 1, 14);
INSERT INTO TEAM (ID, NAZWA, GRUPA_ID, STREFA_ID, TRENER_ID) VALUES (13,'Islandia', 4, 6, 13);
INSERT INTO TEAM (ID, NAZWA, GRUPA_ID, STREFA_ID, TRENER_ID) VALUES (14,'Japonia', 8, 1, 15);
INSERT INTO TEAM (ID, NAZWA, GRUPA_ID, STREFA_ID, TRENER_ID) VALUES (15,'Kolumbia', 8, 5, 5);
INSERT INTO TEAM (ID, NAZWA, GRUPA_ID, STREFA_ID, TRENER_ID) VALUES (16,'Korea Południowa', 6, 1, 27);
INSERT INTO TEAM (ID, NAZWA, GRUPA_ID, STREFA_ID, TRENER_ID) VALUES (17,'Kostaryka', 5, 4, 6);
INSERT INTO TEAM (ID, NAZWA, GRUPA_ID, STREFA_ID, TRENER_ID) VALUES (18,'Maroko', 2, 2, 17);
INSERT INTO TEAM (ID, NAZWA, GRUPA_ID, STREFA_ID, TRENER_ID) VALUES (19,'Meksyk', 6, 4, 16);
INSERT INTO TEAM (ID, NAZWA, GRUPA_ID, STREFA_ID, TRENER_ID) VALUES (20,'Niemcy', 6, 6, 12);
INSERT INTO TEAM (ID, NAZWA, GRUPA_ID, STREFA_ID, TRENER_ID) VALUES (21,'Nigeria', 4, 2, 18);
INSERT INTO TEAM (ID, NAZWA, GRUPA_ID, STREFA_ID, TRENER_ID) VALUES (22,'Panama', 7, 4, 19);
INSERT INTO TEAM (ID, NAZWA, GRUPA_ID, STREFA_ID, TRENER_ID) VALUES (23,'Peru', 3, 5, 20);
INSERT INTO TEAM (ID, NAZWA, GRUPA_ID, STREFA_ID, TRENER_ID) VALUES (24,'Polska', 8, 6, 21);
INSERT INTO TEAM (ID, NAZWA, GRUPA_ID, STREFA_ID, TRENER_ID) VALUES (25,'Portugalia', 2, 6, 22);
INSERT INTO TEAM (ID, NAZWA, GRUPA_ID, STREFA_ID, TRENER_ID) VALUES (26,'Rosja', 1, 6, 23);
INSERT INTO TEAM (ID, NAZWA, GRUPA_ID, STREFA_ID, TRENER_ID) VALUES (27,'Senegal', 8, 2, 25);
INSERT INTO TEAM (ID, NAZWA, GRUPA_ID, STREFA_ID, TRENER_ID) VALUES (28,'Serbia', 5, 6, 26);
INSERT INTO TEAM (ID, NAZWA, GRUPA_ID, STREFA_ID, TRENER_ID) VALUES (29,'Szwajcaria', 5, 6, 30);
INSERT INTO TEAM (ID, NAZWA, GRUPA_ID, STREFA_ID, TRENER_ID) VALUES (30,'Szwecja', 6, 6, 29);
INSERT INTO TEAM (ID, NAZWA, GRUPA_ID, STREFA_ID, TRENER_ID) VALUES (31,'Tunezja', 7, 2, 31);
INSERT INTO TEAM (ID, NAZWA, GRUPA_ID, STREFA_ID, TRENER_ID) VALUES (32,'Urugwaj', 1, 5, 31);

INSERT INTO ZAWODNIK (ID,POZYCJA_ID, TEAM_ID, KLUB_ID, NAZWA, DATA_URODZENIA, WZROST) VALUES (1, 1, 3, 276, 'GUZMAN Nahuel', '1986-02-10', 192);
INSERT INTO ZAWODNIK (ID,POZYCJA_ID, TEAM_ID, KLUB_ID, NAZWA, DATA_URODZENIA, WZROST) VALUES (2, 2, 3, 257, 'MERCADO Gabriel', '1987-03-18', 181);
INSERT INTO ZAWODNIK (ID,POZYCJA_ID, TEAM_ID, KLUB_ID, NAZWA, DATA_URODZENIA, WZROST) VALUES (3, 2, 3, 10, 'TAGLIAFICO Nicolas', '1992-08-31', 169);
INSERT INTO ZAWODNIK (ID,POZYCJA_ID, TEAM_ID, KLUB_ID, NAZWA, DATA_URODZENIA, WZROST) VALUES (4, 2, 3, 277, 'ANSALDI Cristia', '1986-09-20', 181);
INSERT INTO ZAWODNIK (ID,POZYCJA_ID, TEAM_ID, KLUB_ID, NAZWA, DATA_URODZENIA, WZROST) VALUES (5, 3, 3, 5, 'BIGLIA Lucas', '1986-01-30', 175);
INSERT INTO ZAWODNIK (ID,POZYCJA_ID, TEAM_ID, KLUB_ID, NAZWA, DATA_URODZENIA, WZROST) VALUES (6, 2, 3, 31, 'FAZIO Federico', '1987-03-17', 199);
INSERT INTO ZAWODNIK (ID,POZYCJA_ID, TEAM_ID, KLUB_ID, NAZWA, DATA_URODZENIA, WZROST) VALUES (7, 3, 3, 257, 'BANEGA Ever', '1988-06-29', 175);
INSERT INTO ZAWODNIK (ID,POZYCJA_ID, TEAM_ID, KLUB_ID, NAZWA, DATA_URODZENIA, WZROST) VALUES (8, 2, 3, 263, 'ACUNA Marcos', '1991-10-28', 172);
INSERT INTO ZAWODNIK (ID,POZYCJA_ID, TEAM_ID, KLUB_ID, NAZWA, DATA_URODZENIA, WZROST) VALUES (9, 4, 3, 178, 'HIGUAIN Gonzalo', '1987-12-10', 184);
INSERT INTO ZAWODNIK (ID,POZYCJA_ID, TEAM_ID, KLUB_ID, NAZWA, DATA_URODZENIA, WZROST) VALUES (10, 4, 3, 113, 'MESSI Lionel', '1987-06-24', 170);
INSERT INTO ZAWODNIK (ID,POZYCJA_ID, TEAM_ID, KLUB_ID, NAZWA, DATA_URODZENIA, WZROST) VALUES (11, 3, 3, 224, 'DI MARIA Angel', '1988-02-14', 178);
INSERT INTO ZAWODNIK (ID,POZYCJA_ID, TEAM_ID, KLUB_ID, NAZWA, DATA_URODZENIA, WZROST) VALUES (12, 1, 3, 57, 'ARMANI Franco', '1986-10-16', 189);
INSERT INTO ZAWODNIK (ID,POZYCJA_ID, TEAM_ID, KLUB_ID, NAZWA, DATA_URODZENIA, WZROST) VALUES (13, 3, 3, 54, 'MEZA Maximiliano', '1992-12-15', 180);
INSERT INTO ZAWODNIK (ID,POZYCJA_ID, TEAM_ID, KLUB_ID, NAZWA, DATA_URODZENIA, WZROST) VALUES (14, 2, 3, 161, 'MASCHERANO Javier', '1984-06-08', 174);
INSERT INTO ZAWODNIK (ID,POZYCJA_ID, TEAM_ID, KLUB_ID, NAZWA, DATA_URODZENIA, WZROST) VALUES (15, 3, 3, 303, 'LANZINI Manuel', '1993-02-15', 167);
INSERT INTO ZAWODNIK (ID,POZYCJA_ID, TEAM_ID, KLUB_ID, NAZWA, DATA_URODZENIA, WZROST) VALUES (16, 2, 3, 208, 'ROJO Marcos', '1990-03-20', 189);
INSERT INTO ZAWODNIK (ID,POZYCJA_ID, TEAM_ID, KLUB_ID, NAZWA, DATA_URODZENIA, WZROST) VALUES (17, 2, 3, 207, 'OTAMENDI Nicolas', '1988-02-12', 181);
INSERT INTO ZAWODNIK (ID,POZYCJA_ID, TEAM_ID, KLUB_ID, NAZWA, DATA_URODZENIA, WZROST) VALUES (18, 2, 3, 258, 'SALVIO Eduardo', '1990-07-13', 167);
INSERT INTO ZAWODNIK (ID,POZYCJA_ID, TEAM_ID, KLUB_ID, NAZWA, DATA_URODZENIA, WZROST) VALUES (19, 4, 3, 207, 'AGUERO Sergio', '1988-06-02', 172);
INSERT INTO ZAWODNIK (ID,POZYCJA_ID, TEAM_ID, KLUB_ID, NAZWA, DATA_URODZENIA, WZROST) VALUES (20, 3, 3, 224, 'LO CELSO Giovani', '1996-04-09', 177);
INSERT INTO ZAWODNIK (ID,POZYCJA_ID, TEAM_ID, KLUB_ID, NAZWA, DATA_URODZENIA, WZROST) VALUES (21, 4, 3, 178, 'DYBALA Paulo', '1993-11-15', 177);
INSERT INTO ZAWODNIK (ID,POZYCJA_ID, TEAM_ID, KLUB_ID, NAZWA, DATA_URODZENIA, WZROST) VALUES (22, 3, 3, 53, 'PAVON Cristia', '1996-01-21', 169);
INSERT INTO ZAWODNIK (ID,POZYCJA_ID, TEAM_ID, KLUB_ID, NAZWA, DATA_URODZENIA, WZROST) VALUES (23, 1, 3, 74, 'CABALLERO Wilfredo', '1981-09-28', 186);
INSERT INTO ZAWODNIK (ID,POZYCJA_ID, TEAM_ID, KLUB_ID, NAZWA, DATA_URODZENIA, WZROST) VALUES (24, 1, 4, 48, 'RYAN Mathew', '1992-04-08', 184);
INSERT INTO ZAWODNIK (ID,POZYCJA_ID, TEAM_ID, KLUB_ID, NAZWA, DATA_URODZENIA, WZROST) VALUES (25, 2, 4, 308, 'DEGENEK Milos', '1994-04-28', 187);
INSERT INTO ZAWODNIK (ID,POZYCJA_ID, TEAM_ID, KLUB_ID, NAZWA, DATA_URODZENIA, WZROST) VALUES (26, 2, 4, 210, 'MEREDITH James', '1988-04-05', 179);
INSERT INTO ZAWODNIK (ID,POZYCJA_ID, TEAM_ID, KLUB_ID, NAZWA, DATA_URODZENIA, WZROST) VALUES (27, 4, 4, 210, 'CAHILL Tim', '1979-12-06', 180);
INSERT INTO ZAWODNIK (ID,POZYCJA_ID, TEAM_ID, KLUB_ID, NAZWA, DATA_URODZENIA, WZROST) VALUES (28, 2, 4, 11, 'MILLIGAN Mark', '1985-08-04', 178);
INSERT INTO ZAWODNIK (ID,POZYCJA_ID, TEAM_ID, KLUB_ID, NAZWA, DATA_URODZENIA, WZROST) VALUES (29, 2, 4, 270, 'JURMAN Matthew', '1989-12-08', 190);
INSERT INTO ZAWODNIK (ID,POZYCJA_ID, TEAM_ID, KLUB_ID, NAZWA, DATA_URODZENIA, WZROST) VALUES (30, 4, 4, 163, 'LECKIE Mathew', '1991-02-04', 181);
INSERT INTO ZAWODNIK (ID,POZYCJA_ID, TEAM_ID, KLUB_ID, NAZWA, DATA_URODZENIA, WZROST) VALUES (31, 3, 4, 232, 'LUONGO Massimo', '1992-09-25', 176);
INSERT INTO ZAWODNIK (ID,POZYCJA_ID, TEAM_ID, KLUB_ID, NAZWA, DATA_URODZENIA, WZROST) VALUES (32, 4, 4, 124, 'JURIC Tomi', '1991-07-22', 190);
INSERT INTO ZAWODNIK (ID,POZYCJA_ID, TEAM_ID, KLUB_ID, NAZWA, DATA_URODZENIA, WZROST) VALUES (33, 4, 4, 295, 'KRUSE Robbie', '1988-10-05', 180);
INSERT INTO ZAWODNIK (ID,POZYCJA_ID, TEAM_ID, KLUB_ID, NAZWA, DATA_URODZENIA, WZROST) VALUES (34, 4, 4, 288, 'NABBOUT Andrew', '1992-12-17', 178);
INSERT INTO ZAWODNIK (ID,POZYCJA_ID, TEAM_ID, KLUB_ID, NAZWA, DATA_URODZENIA, WZROST) VALUES (35, 1, 4, 140, 'JONES Brad', '1982-03-19', 193);
INSERT INTO ZAWODNIK (ID,POZYCJA_ID, TEAM_ID, KLUB_ID, NAZWA, DATA_URODZENIA, WZROST) VALUES (36, 3, 4, 168, 'MOOY Aaro', '1990-09-15', 173);
INSERT INTO ZAWODNIK (ID,POZYCJA_ID, TEAM_ID, KLUB_ID, NAZWA, DATA_URODZENIA, WZROST) VALUES (37, 4, 4, 164, 'MacLAREN Jamie', '1993-07-29', 178);
INSERT INTO ZAWODNIK (ID,POZYCJA_ID, TEAM_ID, KLUB_ID, NAZWA, DATA_URODZENIA, WZROST) VALUES (38, 3, 4, 33, 'JEDINAK Mile', '1984-08-03', 188);
INSERT INTO ZAWODNIK (ID,POZYCJA_ID, TEAM_ID, KLUB_ID, NAZWA, DATA_URODZENIA, WZROST) VALUES (39, 2, 4, 52, 'BEHICH Aziz', '1990-12-16', 170);
INSERT INTO ZAWODNIK (ID,POZYCJA_ID, TEAM_ID, KLUB_ID, NAZWA, DATA_URODZENIA, WZROST) VALUES (40, 4, 4, 209, 'ARZANI Daniel', '1999-01-04', 171);
INSERT INTO ZAWODNIK (ID,POZYCJA_ID, TEAM_ID, KLUB_ID, NAZWA, DATA_URODZENIA, WZROST) VALUES (41, 1, 4, 186, 'VUKOVIC Danny', '1985-03-27', 187);
INSERT INTO ZAWODNIK (ID,POZYCJA_ID, TEAM_ID, KLUB_ID, NAZWA, DATA_URODZENIA, WZROST) VALUES (42, 2, 4, 306, 'RISDON Joshua', '1992-07-27', 169);
INSERT INTO ZAWODNIK (ID,POZYCJA_ID, TEAM_ID, KLUB_ID, NAZWA, DATA_URODZENIA, WZROST) VALUES (43, 2, 4, 155, 'SAINSBURY Trent', '1992-01-05', 183);
INSERT INTO ZAWODNIK (ID,POZYCJA_ID, TEAM_ID, KLUB_ID, NAZWA, DATA_URODZENIA, WZROST) VALUES (44, 4, 4, 215, 'PETRATOS Dimitrios', '1992-11-10', 176);
INSERT INTO ZAWODNIK (ID,POZYCJA_ID, TEAM_ID, KLUB_ID, NAZWA, DATA_URODZENIA, WZROST) VALUES (45, 3, 4, 169, 'IRVINE Jackso', '1993-03-07', 180);
INSERT INTO ZAWODNIK (ID,POZYCJA_ID, TEAM_ID, KLUB_ID, NAZWA, DATA_URODZENIA, WZROST) VALUES (46, 3, 4, 67, 'ROGIC Tom', '1992-12-16', 189);
INSERT INTO ZAWODNIK (ID,POZYCJA_ID, TEAM_ID, KLUB_ID, NAZWA, DATA_URODZENIA, WZROST) VALUES (47, 1, 5, 74, 'COURTOIS Thibaut', '1992-05-11', 199);
INSERT INTO ZAWODNIK (ID,POZYCJA_ID, TEAM_ID, KLUB_ID, NAZWA, DATA_URODZENIA, WZROST) VALUES (48, 2, 5, 278, 'ALDERWEIRELD Toby', '1989-03-02', 186);
INSERT INTO ZAWODNIK (ID,POZYCJA_ID, TEAM_ID, KLUB_ID, NAZWA, DATA_URODZENIA, WZROST) VALUES (49, 2, 5, 113, 'VERMAELEN Thomas', '1985-11-14', 183);
INSERT INTO ZAWODNIK (ID,POZYCJA_ID, TEAM_ID, KLUB_ID, NAZWA, DATA_URODZENIA, WZROST) VALUES (50, 2, 5, 207, 'KOMPANY Vincent', '1986-04-10', 190);
INSERT INTO ZAWODNIK (ID,POZYCJA_ID, TEAM_ID, KLUB_ID, NAZWA, DATA_URODZENIA, WZROST) VALUES (51, 2, 5, 278, 'VERTONGHEN Ja', '1987-04-24', 189);
INSERT INTO ZAWODNIK (ID,POZYCJA_ID, TEAM_ID, KLUB_ID, NAZWA, DATA_URODZENIA, WZROST) VALUES (52, 3, 5, 274, 'WITSEL Axel', '1989-01-12', 186);
INSERT INTO ZAWODNIK (ID,POZYCJA_ID, TEAM_ID, KLUB_ID, NAZWA, DATA_URODZENIA, WZROST) VALUES (53, 3, 5, 207, 'DE BRUYNE Kevi', '1991-06-28', 181);
INSERT INTO ZAWODNIK (ID,POZYCJA_ID, TEAM_ID, KLUB_ID, NAZWA, DATA_URODZENIA, WZROST) VALUES (54, 3, 5, 208, 'FELLAINI Marouane', '1987-11-22', 194);
INSERT INTO ZAWODNIK (ID,POZYCJA_ID, TEAM_ID, KLUB_ID, NAZWA, DATA_URODZENIA, WZROST) VALUES (55, 4, 5, 208, 'LUKAKU Romelu', '1993-05-13', 190);
INSERT INTO ZAWODNIK (ID,POZYCJA_ID, TEAM_ID, KLUB_ID, NAZWA, DATA_URODZENIA, WZROST) VALUES (56, 4, 5, 74, 'HAZARD Ede', '1991-01-07', 173);
INSERT INTO ZAWODNIK (ID,POZYCJA_ID, TEAM_ID, KLUB_ID, NAZWA, DATA_URODZENIA, WZROST) VALUES (57, 3, 5, 93, 'CARRASCO Yannick', '1993-09-04', 180);
INSERT INTO ZAWODNIK (ID,POZYCJA_ID, TEAM_ID, KLUB_ID, NAZWA, DATA_URODZENIA, WZROST) VALUES (58, 1, 5, 201, 'MIGNOLET Simo', '1988-03-06', 193);
INSERT INTO ZAWODNIK (ID,POZYCJA_ID, TEAM_ID, KLUB_ID, NAZWA, DATA_URODZENIA, WZROST) VALUES (59, 1, 5, 297, 'CASTEELS Koe', '1992-06-25', 197);
INSERT INTO ZAWODNIK (ID,POZYCJA_ID, TEAM_ID, KLUB_ID, NAZWA, DATA_URODZENIA, WZROST) VALUES (60, 4, 5, 265, 'MERTENS Dries', '1987-05-06', 169);
INSERT INTO ZAWODNIK (ID,POZYCJA_ID, TEAM_ID, KLUB_ID, NAZWA, DATA_URODZENIA, WZROST) VALUES (61, 2, 5, 224, 'MEUNIER Thomas', '1991-09-12', 190);
INSERT INTO ZAWODNIK (ID,POZYCJA_ID, TEAM_ID, KLUB_ID, NAZWA, DATA_URODZENIA, WZROST) VALUES (62, 3, 5, 296, 'HAZARD Thorga', '1993-03-29', 174);
INSERT INTO ZAWODNIK (ID,POZYCJA_ID, TEAM_ID, KLUB_ID, NAZWA, DATA_URODZENIA, WZROST) VALUES (63, 3, 5, 30, 'TIELEMANS Youri', '1997-05-07', 176);
INSERT INTO ZAWODNIK (ID,POZYCJA_ID, TEAM_ID, KLUB_ID, NAZWA, DATA_URODZENIA, WZROST) VALUES (64, 4, 5, 240, 'JANUZAJ Adna', '1995-02-05', 180);
INSERT INTO ZAWODNIK (ID,POZYCJA_ID, TEAM_ID, KLUB_ID, NAZWA, DATA_URODZENIA, WZROST) VALUES (65, 3, 5, 278, 'DEMBELE Moussa', '1987-07-16', 185);
INSERT INTO ZAWODNIK (ID,POZYCJA_ID, TEAM_ID, KLUB_ID, NAZWA, DATA_URODZENIA, WZROST) VALUES (66, 2, 5, 67, 'BOYATA Dedryck', '1990-11-28', 188);
INSERT INTO ZAWODNIK (ID,POZYCJA_ID, TEAM_ID, KLUB_ID, NAZWA, DATA_URODZENIA, WZROST) VALUES (67, 4, 5, 46, 'BATSHUAYI Michy', '1993-10-02', 185);
INSERT INTO ZAWODNIK (ID,POZYCJA_ID, TEAM_ID, KLUB_ID, NAZWA, DATA_URODZENIA, WZROST) VALUES (68, 3, 5, 302, 'CHADLI Nacer', '1989-08-02', 187);
INSERT INTO ZAWODNIK (ID,POZYCJA_ID, TEAM_ID, KLUB_ID, NAZWA, DATA_URODZENIA, WZROST) VALUES (69, 2, 5, 244, 'DENDONCKER Leander', '1995-04-15', 188);
INSERT INTO ZAWODNIK (ID,POZYCJA_ID, TEAM_ID, KLUB_ID, NAZWA, DATA_URODZENIA, WZROST) VALUES (70, 1, 6, 31, 'ALISSO', '1992-10-02', 193);
INSERT INTO ZAWODNIK (ID,POZYCJA_ID, TEAM_ID, KLUB_ID, NAZWA, DATA_URODZENIA, WZROST) VALUES (71, 2, 6, 224, 'THIAGO SILVA', '1984-09-22', 183);
INSERT INTO ZAWODNIK (ID,POZYCJA_ID, TEAM_ID, KLUB_ID, NAZWA, DATA_URODZENIA, WZROST) VALUES (72, 2, 6, 119, 'MIRANDA', '1984-09-07', 186);
INSERT INTO ZAWODNIK (ID,POZYCJA_ID, TEAM_ID, KLUB_ID, NAZWA, DATA_URODZENIA, WZROST) VALUES (73, 2, 6, 156, 'PEDRO GEROMEL', '1985-09-21', 190);
INSERT INTO ZAWODNIK (ID,POZYCJA_ID, TEAM_ID, KLUB_ID, NAZWA, DATA_URODZENIA, WZROST) VALUES (74, 3, 6, 239, 'CASEMIRO', '1992-02-23', 185);
INSERT INTO ZAWODNIK (ID,POZYCJA_ID, TEAM_ID, KLUB_ID, NAZWA, DATA_URODZENIA, WZROST) VALUES (75, 2, 6, 38, 'FILIPE LUIS', '1985-08-09', 182);
INSERT INTO ZAWODNIK (ID,POZYCJA_ID, TEAM_ID, KLUB_ID, NAZWA, DATA_URODZENIA, WZROST) VALUES (76, 4, 6, 178, 'DOUGLAS COSTA', '1990-09-14', 182);
INSERT INTO ZAWODNIK (ID,POZYCJA_ID, TEAM_ID, KLUB_ID, NAZWA, DATA_URODZENIA, WZROST) VALUES (77, 3, 6, 42, 'RENATO AUGUSTO', '1988-02-08', 186);
INSERT INTO ZAWODNIK (ID,POZYCJA_ID, TEAM_ID, KLUB_ID, NAZWA, DATA_URODZENIA, WZROST) VALUES (78, 4, 6, 207, 'GABRIEL JESUS', '1997-04-03', 175);
INSERT INTO ZAWODNIK (ID,POZYCJA_ID, TEAM_ID, KLUB_ID, NAZWA, DATA_URODZENIA, WZROST) VALUES (79, 4, 6, 224, 'NEYMAR', '1992-02-05', 175);
INSERT INTO ZAWODNIK (ID,POZYCJA_ID, TEAM_ID, KLUB_ID, NAZWA, DATA_URODZENIA, WZROST) VALUES (80, 3, 6, 113, 'PHILIPPE COUTINHO', '1992-06-12', 172);
INSERT INTO ZAWODNIK (ID,POZYCJA_ID, TEAM_ID, KLUB_ID, NAZWA, DATA_URODZENIA, WZROST) VALUES (81, 2, 6, 239, 'MARCELO', '1988-05-12', 174);
INSERT INTO ZAWODNIK (ID,POZYCJA_ID, TEAM_ID, KLUB_ID, NAZWA, DATA_URODZENIA, WZROST) VALUES (82, 2, 6, 224, 'MARQUINHOS', '1994-05-14', 183);
INSERT INTO ZAWODNIK (ID,POZYCJA_ID, TEAM_ID, KLUB_ID, NAZWA, DATA_URODZENIA, WZROST) VALUES (83, 2, 6, 207, 'DANILO', '1991-07-15', 184);
INSERT INTO ZAWODNIK (ID,POZYCJA_ID, TEAM_ID, KLUB_ID, NAZWA, DATA_URODZENIA, WZROST) VALUES (84, 3, 6, 113, 'PAULINHO', '1988-07-25', 181);
INSERT INTO ZAWODNIK (ID,POZYCJA_ID, TEAM_ID, KLUB_ID, NAZWA, DATA_URODZENIA, WZROST) VALUES (85, 1, 6, 251, 'CASSIO', '1987-06-06', 195);
INSERT INTO ZAWODNIK (ID,POZYCJA_ID, TEAM_ID, KLUB_ID, NAZWA, DATA_URODZENIA, WZROST) VALUES (86, 3, 6, 207, 'FERNANDINHO', '1985-05-04', 179);
INSERT INTO ZAWODNIK (ID,POZYCJA_ID, TEAM_ID, KLUB_ID, NAZWA, DATA_URODZENIA, WZROST) VALUES (87, 3, 6, 134, 'FRED', '1993-03-05', 169);
INSERT INTO ZAWODNIK (ID,POZYCJA_ID, TEAM_ID, KLUB_ID, NAZWA, DATA_URODZENIA, WZROST) VALUES (88, 3, 6, 74, 'WILLIA', '1988-08-09', 175);
INSERT INTO ZAWODNIK (ID,POZYCJA_ID, TEAM_ID, KLUB_ID, NAZWA, DATA_URODZENIA, WZROST) VALUES (89, 4, 6, 201, 'ROBERTO FIRMINO', '1991-10-02', 181);
INSERT INTO ZAWODNIK (ID,POZYCJA_ID, TEAM_ID, KLUB_ID, NAZWA, DATA_URODZENIA, WZROST) VALUES (90, 4, 6, 134, 'TAISO', '1988-01-13', 172);
INSERT INTO ZAWODNIK (ID,POZYCJA_ID, TEAM_ID, KLUB_ID, NAZWA, DATA_URODZENIA, WZROST) VALUES (91, 2, 6, 251, 'FAGNER', '1989-06-11', 168);
INSERT INTO ZAWODNIK (ID,POZYCJA_ID, TEAM_ID, KLUB_ID, NAZWA, DATA_URODZENIA, WZROST) VALUES (92, 1, 6, 207, 'EDERSO', '1993-08-17', 188);
INSERT INTO ZAWODNIK (ID,POZYCJA_ID, TEAM_ID, KLUB_ID, NAZWA, DATA_URODZENIA, WZROST) VALUES (93, 1, 15, 29, 'OSPINA David', '1988-08-31', 183);
INSERT INTO ZAWODNIK (ID,POZYCJA_ID, TEAM_ID, KLUB_ID, NAZWA, DATA_URODZENIA, WZROST) VALUES (94, 2, 15, 5, 'ZAPATA Cristia', '1986-09-30', 187);
INSERT INTO ZAWODNIK (ID,POZYCJA_ID, TEAM_ID, KLUB_ID, NAZWA, DATA_URODZENIA, WZROST) VALUES (95, 2, 15, 72, 'MURILLO Oscar', '1988-04-18', 184);
INSERT INTO ZAWODNIK (ID,POZYCJA_ID, TEAM_ID, KLUB_ID, NAZWA, DATA_URODZENIA, WZROST) VALUES (96, 2, 15, 229, 'ARIAS Santiago', '1992-01-13', 177);
INSERT INTO ZAWODNIK (ID,POZYCJA_ID, TEAM_ID, KLUB_ID, NAZWA, DATA_URODZENIA, WZROST) VALUES (97, 3, 15, 53, 'BARRIOS  Wilmar', '1993-10-16', 178);
INSERT INTO ZAWODNIK (ID,POZYCJA_ID, TEAM_ID, KLUB_ID, NAZWA, DATA_URODZENIA, WZROST) VALUES (98, 3, 15, 236, 'SANCHEZ Carlos', '1986-02-06', 182);
INSERT INTO ZAWODNIK (ID,POZYCJA_ID, TEAM_ID, KLUB_ID, NAZWA, DATA_URODZENIA, WZROST) VALUES (99, 4, 15, 298, 'BACCA Carlos', '1986-09-08', 181);
INSERT INTO ZAWODNIK (ID,POZYCJA_ID, TEAM_ID, KLUB_ID, NAZWA, DATA_URODZENIA, WZROST) VALUES (100, 3, 15, 4, 'AGUILAR Abel', '1985-01-06', 185);
INSERT INTO ZAWODNIK (ID,POZYCJA_ID, TEAM_ID, KLUB_ID, NAZWA, DATA_URODZENIA, WZROST) VALUES (101, 4, 15, 30, 'FALCAO Radamel', '1986-02-10', 177);
INSERT INTO ZAWODNIK (ID,POZYCJA_ID, TEAM_ID, KLUB_ID, NAZWA, DATA_URODZENIA, WZROST) VALUES (102, 3, 15, 115, 'RODRIGUEZ James', '1991-07-12', 180);
INSERT INTO ZAWODNIK (ID,POZYCJA_ID, TEAM_ID, KLUB_ID, NAZWA, DATA_URODZENIA, WZROST) VALUES (103, 3, 15, 178, 'CUADRADO Jua', '1988-05-26', 179);
INSERT INTO ZAWODNIK (ID,POZYCJA_ID, TEAM_ID, KLUB_ID, NAZWA, DATA_URODZENIA, WZROST) VALUES (104, 1, 15, 4, 'VARGAS Camilo', '1989-03-09', 185);
INSERT INTO ZAWODNIK (ID,POZYCJA_ID, TEAM_ID, KLUB_ID, NAZWA, DATA_URODZENIA, WZROST) VALUES (105, 2, 15, 113, 'MINA Yerry', '1994-09-23', 194);
INSERT INTO ZAWODNIK (ID,POZYCJA_ID, TEAM_ID, KLUB_ID, NAZWA, DATA_URODZENIA, WZROST) VALUES (106, 4, 15, 257, 'MURIEL Luis', '1991-04-16', 178);
INSERT INTO ZAWODNIK (ID,POZYCJA_ID, TEAM_ID, KLUB_ID, NAZWA, DATA_URODZENIA, WZROST) VALUES (107, 3, 15, 78, 'URIBE Mateus', '1991-03-21', 182);
INSERT INTO ZAWODNIK (ID,POZYCJA_ID, TEAM_ID, KLUB_ID, NAZWA, DATA_URODZENIA, WZROST) VALUES (108, 3, 15, 198, 'LERMA Jefferso', '1994-10-25', 179);
INSERT INTO ZAWODNIK (ID,POZYCJA_ID, TEAM_ID, KLUB_ID, NAZWA, DATA_URODZENIA, WZROST) VALUES (109, 2, 15, 151, 'MOJICA Joha', '1992-08-21', 185);
INSERT INTO ZAWODNIK (ID,POZYCJA_ID, TEAM_ID, KLUB_ID, NAZWA, DATA_URODZENIA, WZROST) VALUES (110, 2, 15, 53, 'FABRA Frank', '1991-02-22', 172);
INSERT INTO ZAWODNIK (ID,POZYCJA_ID, TEAM_ID, KLUB_ID, NAZWA, DATA_URODZENIA, WZROST) VALUES (111, 4, 15, 254, 'BORJA Miguel', '1993-01-26', 183);
INSERT INTO ZAWODNIK (ID,POZYCJA_ID, TEAM_ID, KLUB_ID, NAZWA, DATA_URODZENIA, WZROST) VALUES (112, 3, 15, 57, 'QUINTERO Jua', '1993-01-18', 169);
INSERT INTO ZAWODNIK (ID,POZYCJA_ID, TEAM_ID, KLUB_ID, NAZWA, DATA_URODZENIA, WZROST) VALUES (113, 4, 15, 48, 'IZQUIERDO Jose', '1992-07-07', 171);
INSERT INTO ZAWODNIK (ID,POZYCJA_ID, TEAM_ID, KLUB_ID, NAZWA, DATA_URODZENIA, WZROST) VALUES (114, 1, 15, 64, 'CUADRADO Jose', '1985-06-01', 180);
INSERT INTO ZAWODNIK (ID,POZYCJA_ID, TEAM_ID, KLUB_ID, NAZWA, DATA_URODZENIA, WZROST) VALUES (115, 2, 15, 278, 'SANCHEZ Davinso', '1996-06-12', 187);
INSERT INTO ZAWODNIK (ID,POZYCJA_ID, TEAM_ID, KLUB_ID, NAZWA, DATA_URODZENIA, WZROST) VALUES (116, 1, 17, 239, 'NAVAS Keylor', '1986-12-15', 185);
INSERT INTO ZAWODNIK (ID,POZYCJA_ID, TEAM_ID, KLUB_ID, NAZWA, DATA_URODZENIA, WZROST) VALUES (117, 2, 17, 241, 'ACOSTA Johnny', '1983-07-21', 176);
INSERT INTO ZAWODNIK (ID,POZYCJA_ID, TEAM_ID, KLUB_ID, NAZWA, DATA_URODZENIA, WZROST) VALUES (118, 2, 17, 45, 'GONZALEZ Giancarlo', '1988-02-08', 186);
INSERT INTO ZAWODNIK (ID,POZYCJA_ID, TEAM_ID, KLUB_ID, NAZWA, DATA_URODZENIA, WZROST) VALUES (119, 2, 17, 170, 'SMITH Ia', '1998-03-06', 177);
INSERT INTO ZAWODNIK (ID,POZYCJA_ID, TEAM_ID, KLUB_ID, NAZWA, DATA_URODZENIA, WZROST) VALUES (120, 3, 17, 95, 'BORGES Celso', '1988-05-27', 187);
INSERT INTO ZAWODNIK (ID,POZYCJA_ID, TEAM_ID, KLUB_ID, NAZWA, DATA_URODZENIA, WZROST) VALUES (121, 2, 17, 236, 'DUARTE Oscar', '1989-06-03', 186);
INSERT INTO ZAWODNIK (ID,POZYCJA_ID, TEAM_ID, KLUB_ID, NAZWA, DATA_URODZENIA, WZROST) VALUES (122, 3, 17, 97, 'BOLANOS Christia', '1984-05-17', 178);
INSERT INTO ZAWODNIK (ID,POZYCJA_ID, TEAM_ID, KLUB_ID, NAZWA, DATA_URODZENIA, WZROST) VALUES (123, 2, 17, 269, 'OVIEDO Brya', '1990-02-18', 172);
INSERT INTO ZAWODNIK (ID,POZYCJA_ID, TEAM_ID, KLUB_ID, NAZWA, DATA_URODZENIA, WZROST) VALUES (124, 3, 17, 97, 'COLINDRES Daniel', '1985-01-10', 180);
INSERT INTO ZAWODNIK (ID,POZYCJA_ID, TEAM_ID, KLUB_ID, NAZWA, DATA_URODZENIA, WZROST) VALUES (125, 3, 17, 263, 'RUIZ Brya', '1985-08-18', 187);
INSERT INTO ZAWODNIK (ID,POZYCJA_ID, TEAM_ID, KLUB_ID, NAZWA, DATA_URODZENIA, WZROST) VALUES (126, 4, 17, 97, 'VENEGAS Joha', '1988-11-27', 183);
INSERT INTO ZAWODNIK (ID,POZYCJA_ID, TEAM_ID, KLUB_ID, NAZWA, DATA_URODZENIA, WZROST) VALUES (127, 4, 17, 238, 'CAMPBELL Joel', '1992-06-26', 178);
INSERT INTO ZAWODNIK (ID,POZYCJA_ID, TEAM_ID, KLUB_ID, NAZWA, DATA_URODZENIA, WZROST) VALUES (128, 3, 17, 213, 'WALLACE Rodney', '1988-06-17', 180);
INSERT INTO ZAWODNIK (ID,POZYCJA_ID, TEAM_ID, KLUB_ID, NAZWA, DATA_URODZENIA, WZROST) VALUES (129, 3, 17, 86, 'AZOFEIFA Randall', '1984-12-30', 182);
INSERT INTO ZAWODNIK (ID,POZYCJA_ID, TEAM_ID, KLUB_ID, NAZWA, DATA_URODZENIA, WZROST) VALUES (130, 2, 17, 211, 'CALVO Francisco', '1992-07-08', 180);
INSERT INTO ZAWODNIK (ID,POZYCJA_ID, TEAM_ID, KLUB_ID, NAZWA, DATA_URODZENIA, WZROST) VALUES (131, 2, 17, 67, 'GAMBOA Cristia', '1989-10-24', 175);
INSERT INTO ZAWODNIK (ID,POZYCJA_ID, TEAM_ID, KLUB_ID, NAZWA, DATA_URODZENIA, WZROST) VALUES (132, 3, 17, 122, 'TEJEDA Yeltsi', '1992-03-17', 179);
INSERT INTO ZAWODNIK (ID,POZYCJA_ID, TEAM_ID, KLUB_ID, NAZWA, DATA_URODZENIA, WZROST) VALUES (133, 1, 17, 193, 'PEMBERTON Patrick', '1982-04-24', 178);
INSERT INTO ZAWODNIK (ID,POZYCJA_ID, TEAM_ID, KLUB_ID, NAZWA, DATA_URODZENIA, WZROST) VALUES (134, 2, 17, 293, 'WASTON Kendall', '1988-01-01', 196);
INSERT INTO ZAWODNIK (ID,POZYCJA_ID, TEAM_ID, KLUB_ID, NAZWA, DATA_URODZENIA, WZROST) VALUES (135, 3, 17, 228, 'GUZMAN David', '1990-02-18', 176);
INSERT INTO ZAWODNIK (ID,POZYCJA_ID, TEAM_ID, KLUB_ID, NAZWA, DATA_URODZENIA, WZROST) VALUES (136, 4, 17, 203, 'URENA Marcos', '1990-03-05', 181);
INSERT INTO ZAWODNIK (ID,POZYCJA_ID, TEAM_ID, KLUB_ID, NAZWA, DATA_URODZENIA, WZROST) VALUES (137, 2, 17, 213, 'MATARRITA Ronald', '1994-07-09', 175);
INSERT INTO ZAWODNIK (ID,POZYCJA_ID, TEAM_ID, KLUB_ID, NAZWA, DATA_URODZENIA, WZROST) VALUES (138, 1, 17, 86, 'MOREIRA Leonel', '1990-04-02', 179);
INSERT INTO ZAWODNIK (ID,POZYCJA_ID, TEAM_ID, KLUB_ID, NAZWA, DATA_URODZENIA, WZROST) VALUES (139, 1, 7, 152, 'LIVAKOVIC Dominik', '1995-01-09', 188);
INSERT INTO ZAWODNIK (ID,POZYCJA_ID, TEAM_ID, KLUB_ID, NAZWA, DATA_URODZENIA, WZROST) VALUES (140, 2, 7, 38, 'VRSALJKO Sime', '1992-01-10', 181);
INSERT INTO ZAWODNIK (ID,POZYCJA_ID, TEAM_ID, KLUB_ID, NAZWA, DATA_URODZENIA, WZROST) VALUES (141, 2, 7, 282, 'STRINIC Iva', '1987-07-17', 186);
INSERT INTO ZAWODNIK (ID,POZYCJA_ID, TEAM_ID, KLUB_ID, NAZWA, DATA_URODZENIA, WZROST) VALUES (142, 4, 7, 119, 'PERISIC Iva', '1989-02-02', 186);
INSERT INTO ZAWODNIK (ID,POZYCJA_ID, TEAM_ID, KLUB_ID, NAZWA, DATA_URODZENIA, WZROST) VALUES (143, 2, 7, 123, 'CORLUKA Vedra', '1986-02-05', 192);
INSERT INTO ZAWODNIK (ID,POZYCJA_ID, TEAM_ID, KLUB_ID, NAZWA, DATA_URODZENIA, WZROST) VALUES (144, 2, 7, 201, 'LOVREN Deja', '1989-07-05', 188);
INSERT INTO ZAWODNIK (ID,POZYCJA_ID, TEAM_ID, KLUB_ID, NAZWA, DATA_URODZENIA, WZROST) VALUES (145, 3, 7, 113, 'RAKITIC Iva', '1988-03-10', 184);
INSERT INTO ZAWODNIK (ID,POZYCJA_ID, TEAM_ID, KLUB_ID, NAZWA, DATA_URODZENIA, WZROST) VALUES (146, 3, 7, 239, 'KOVACIC Mateo', '1994-05-06', 178);
INSERT INTO ZAWODNIK (ID,POZYCJA_ID, TEAM_ID, KLUB_ID, NAZWA, DATA_URODZENIA, WZROST) VALUES (147, 4, 7, 281, 'KRAMARIC Andrej', '1991-06-19', 177);
INSERT INTO ZAWODNIK (ID,POZYCJA_ID, TEAM_ID, KLUB_ID, NAZWA, DATA_URODZENIA, WZROST) VALUES (148, 3, 7, 239, 'MODRIC Luka', '1985-09-09', 172);
INSERT INTO ZAWODNIK (ID,POZYCJA_ID, TEAM_ID, KLUB_ID, NAZWA, DATA_URODZENIA, WZROST) VALUES (149, 3, 7, 119, 'BROZOVIC Marcelo', '1992-11-16', 181);
INSERT INTO ZAWODNIK (ID,POZYCJA_ID, TEAM_ID, KLUB_ID, NAZWA, DATA_URODZENIA, WZROST) VALUES (150, 1, 7, 179, 'KALINIC Lovre', '1990-04-03', 201);
INSERT INTO ZAWODNIK (ID,POZYCJA_ID, TEAM_ID, KLUB_ID, NAZWA, DATA_URODZENIA, WZROST) VALUES (151, 2, 7, 41, 'JEDVAJ Ti', '1995-11-28', 184);
INSERT INTO ZAWODNIK (ID,POZYCJA_ID, TEAM_ID, KLUB_ID, NAZWA, DATA_URODZENIA, WZROST) VALUES (152, 3, 7, 165, 'BRADARIC Filip', '1992-01-11', 186);
INSERT INTO ZAWODNIK (ID,POZYCJA_ID, TEAM_ID, KLUB_ID, NAZWA, DATA_URODZENIA, WZROST) VALUES (153, 2, 7, 129, 'CALETA-CAR Duje', '1996-09-17', 192);
INSERT INTO ZAWODNIK (ID,POZYCJA_ID, TEAM_ID, KLUB_ID, NAZWA, DATA_URODZENIA, WZROST) VALUES (154, 4, 7, 5, 'KALINIC Nikola', '1988-01-05', 187);
INSERT INTO ZAWODNIK (ID,POZYCJA_ID, TEAM_ID, KLUB_ID, NAZWA, DATA_URODZENIA, WZROST) VALUES (155, 4, 7, 178, 'MANDZUKIC Mario', '1986-05-21', 190);
INSERT INTO ZAWODNIK (ID,POZYCJA_ID, TEAM_ID, KLUB_ID, NAZWA, DATA_URODZENIA, WZROST) VALUES (156, 4, 7, 102, 'REBIC Ante', '1993-09-21', 185);
INSERT INTO ZAWODNIK (ID,POZYCJA_ID, TEAM_ID, KLUB_ID, NAZWA, DATA_URODZENIA, WZROST) VALUES (157, 3, 7, 6, 'BADELJ Mila', '1989-02-25', 186);
INSERT INTO ZAWODNIK (ID,POZYCJA_ID, TEAM_ID, KLUB_ID, NAZWA, DATA_URODZENIA, WZROST) VALUES (158, 4, 7, 132, 'PJACA Marko', '1995-05-06', 186);
INSERT INTO ZAWODNIK (ID,POZYCJA_ID, TEAM_ID, KLUB_ID, NAZWA, DATA_URODZENIA, WZROST) VALUES (159, 2, 7, 43, 'VIDA Domagoj', '1989-04-29', 184);
INSERT INTO ZAWODNIK (ID,POZYCJA_ID, TEAM_ID, KLUB_ID, NAZWA, DATA_URODZENIA, WZROST) VALUES (160, 2, 7, 117, 'PIVARIC Josip', '1989-01-30', 176);
INSERT INTO ZAWODNIK (ID,POZYCJA_ID, TEAM_ID, KLUB_ID, NAZWA, DATA_URODZENIA, WZROST) VALUES (161, 1, 7, 30, 'SUBASIC Danijel', '1984-10-27', 191);
INSERT INTO ZAWODNIK (ID,POZYCJA_ID, TEAM_ID, KLUB_ID, NAZWA, DATA_URODZENIA, WZROST) VALUES (162, 1, 8, 197, 'SCHMEICHEL Kasper', '1986-11-05', 190);
INSERT INTO ZAWODNIK (ID,POZYCJA_ID, TEAM_ID, KLUB_ID, NAZWA, DATA_URODZENIA, WZROST) VALUES (163, 3, 8, 95, 'KROHN-DEHLI Michael', '1983-06-06', 171);
INSERT INTO ZAWODNIK (ID,POZYCJA_ID, TEAM_ID, KLUB_ID, NAZWA, DATA_URODZENIA, WZROST) VALUES (164, 2, 8, 296, 'VESTERGAARD Jannik', '1992-08-03', 200);
INSERT INTO ZAWODNIK (ID,POZYCJA_ID, TEAM_ID, KLUB_ID, NAZWA, DATA_URODZENIA, WZROST) VALUES (165, 2, 8, 257, 'KJAER Simo', '1989-03-26', 191);
INSERT INTO ZAWODNIK (ID,POZYCJA_ID, TEAM_ID, KLUB_ID, NAZWA, DATA_URODZENIA, WZROST) VALUES (166, 2, 8, 173, 'KNUDSEN Jonas', '1992-09-16', 187);
INSERT INTO ZAWODNIK (ID,POZYCJA_ID, TEAM_ID, KLUB_ID, NAZWA, DATA_URODZENIA, WZROST) VALUES (167, 2, 8, 74, 'CHRISTENSEN Andreas', '1996-04-10', 192);
INSERT INTO ZAWODNIK (ID,POZYCJA_ID, TEAM_ID, KLUB_ID, NAZWA, DATA_URODZENIA, WZROST) VALUES (168, 3, 8, 120, 'KVIST William', '1985-02-24', 185);
INSERT INTO ZAWODNIK (ID,POZYCJA_ID, TEAM_ID, KLUB_ID, NAZWA, DATA_URODZENIA, WZROST) VALUES (169, 3, 8, 272, 'DELANEY Thomas', '1991-09-03', 180);
INSERT INTO ZAWODNIK (ID,POZYCJA_ID, TEAM_ID, KLUB_ID, NAZWA, DATA_URODZENIA, WZROST) VALUES (170, 4, 8, 140, 'JORGENSEN Nicolai', '1991-01-15', 194);
INSERT INTO ZAWODNIK (ID,POZYCJA_ID, TEAM_ID, KLUB_ID, NAZWA, DATA_URODZENIA, WZROST) VALUES (171, 3, 8, 278, 'ERIKSEN Christia', '1992-02-14', 181);
INSERT INTO ZAWODNIK (ID,POZYCJA_ID, TEAM_ID, KLUB_ID, NAZWA, DATA_URODZENIA, WZROST) VALUES (172, 4, 8, 118, 'BRAITHWAITE Marti', '1991-06-05', 180);
INSERT INTO ZAWODNIK (ID,POZYCJA_ID, TEAM_ID, KLUB_ID, NAZWA, DATA_URODZENIA, WZROST) VALUES (173, 4, 8, 10, 'DOLBERG Kasper', '1997-10-06', 187);
INSERT INTO ZAWODNIK (ID,POZYCJA_ID, TEAM_ID, KLUB_ID, NAZWA, DATA_URODZENIA, WZROST) VALUES (174, 2, 8, 168, 'JORGENSEN Mathias', '1990-04-23', 191);
INSERT INTO ZAWODNIK (ID,POZYCJA_ID, TEAM_ID, KLUB_ID, NAZWA, DATA_URODZENIA, WZROST) VALUES (175, 2, 8, 47, 'DALSGAARD Henrik', '1989-07-27', 190);
INSERT INTO ZAWODNIK (ID,POZYCJA_ID, TEAM_ID, KLUB_ID, NAZWA, DATA_URODZENIA, WZROST) VALUES (176, 4, 8, 120, 'FISCHER Viktor', '1994-06-09', 181);
INSERT INTO ZAWODNIK (ID,POZYCJA_ID, TEAM_ID, KLUB_ID, NAZWA, DATA_URODZENIA, WZROST) VALUES (177, 1, 8, 168, 'LOSSL Jonas', '1989-02-01', 195);
INSERT INTO ZAWODNIK (ID,POZYCJA_ID, TEAM_ID, KLUB_ID, NAZWA, DATA_URODZENIA, WZROST) VALUES (178, 2, 8, 284, 'STRYGER LARSEN Jens', '1991-02-21', 182);
INSERT INTO ZAWODNIK (ID,POZYCJA_ID, TEAM_ID, KLUB_ID, NAZWA, DATA_URODZENIA, WZROST) VALUES (179, 3, 8, 118, 'LERAGER Lukas', '1993-07-12', 186);
INSERT INTO ZAWODNIK (ID,POZYCJA_ID, TEAM_ID, KLUB_ID, NAZWA, DATA_URODZENIA, WZROST) VALUES (180, 3, 8, 10, 'SCHONE Lasse', '1986-05-27', 178);
INSERT INTO ZAWODNIK (ID,POZYCJA_ID, TEAM_ID, KLUB_ID, NAZWA, DATA_URODZENIA, WZROST) VALUES (181, 4, 8, 235, 'POULSEN Yussuf Yurary', '1994-06-15', 193);
INSERT INTO ZAWODNIK (ID,POZYCJA_ID, TEAM_ID, KLUB_ID, NAZWA, DATA_URODZENIA, WZROST) VALUES (182, 4, 8, 34, 'CORNELIUS Andreas', '1993-03-16', 195);
INSERT INTO ZAWODNIK (ID,POZYCJA_ID, TEAM_ID, KLUB_ID, NAZWA, DATA_URODZENIA, WZROST) VALUES (183, 1, 8, 50, 'RONNOW Frederik', '1992-08-04', 190);
INSERT INTO ZAWODNIK (ID,POZYCJA_ID, TEAM_ID, KLUB_ID, NAZWA, DATA_URODZENIA, WZROST) VALUES (184, 4, 8, 66, 'SISTO Pione', '1995-02-04', 173);
INSERT INTO ZAWODNIK (ID,POZYCJA_ID, TEAM_ID, KLUB_ID, NAZWA, DATA_URODZENIA, WZROST) VALUES (185, 1, 9, 24, 'ESSAM EL HADARY', '1973-01-15', 190);
INSERT INTO ZAWODNIK (ID,POZYCJA_ID, TEAM_ID, KLUB_ID, NAZWA, DATA_URODZENIA, WZROST) VALUES (186, 2, 9, 302, 'ALI GABR', '1989-01-01', 191);
INSERT INTO ZAWODNIK (ID,POZYCJA_ID, TEAM_ID, KLUB_ID, NAZWA, DATA_URODZENIA, WZROST) VALUES (187, 2, 9, 33, 'AHMED ELMOHAMADY', '1987-09-09', 183);
INSERT INTO ZAWODNIK (ID,POZYCJA_ID, TEAM_ID, KLUB_ID, NAZWA, DATA_URODZENIA, WZROST) VALUES (188, 3, 9, 203, 'OMAR GABER', '1992-01-30', 175);
INSERT INTO ZAWODNIK (ID,POZYCJA_ID, TEAM_ID, KLUB_ID, NAZWA, DATA_URODZENIA, WZROST) VALUES (189, 3, 9, 304, 'SAM MORSY', '1991-09-10', 173);
INSERT INTO ZAWODNIK (ID,POZYCJA_ID, TEAM_ID, KLUB_ID, NAZWA, DATA_URODZENIA, WZROST) VALUES (190, 2, 9, 302, 'AHMED HEGAZY', '1991-01-25', 194);
INSERT INTO ZAWODNIK (ID,POZYCJA_ID, TEAM_ID, KLUB_ID, NAZWA, DATA_URODZENIA, WZROST) VALUES (191, 2, 9, 12, 'AHMED FATHI', '1984-11-10', 176);
INSERT INTO ZAWODNIK (ID,POZYCJA_ID, TEAM_ID, KLUB_ID, NAZWA, DATA_URODZENIA, WZROST) VALUES (192, 3, 9, 309, 'TAREK HAMED', '1988-10-24', 169);
INSERT INTO ZAWODNIK (ID,POZYCJA_ID, TEAM_ID, KLUB_ID, NAZWA, DATA_URODZENIA, WZROST) VALUES (193, 4, 9, 12, 'MARWAN MOHSE', '1989-02-26', 185);
INSERT INTO ZAWODNIK (ID,POZYCJA_ID, TEAM_ID, KLUB_ID, NAZWA, DATA_URODZENIA, WZROST) VALUES (194, 4, 9, 201, 'MOHAMED SALAH', '1992-06-15', 175);
INSERT INTO ZAWODNIK (ID,POZYCJA_ID, TEAM_ID, KLUB_ID, NAZWA, DATA_URODZENIA, WZROST) VALUES (195, 4, 9, 26, 'KAHRABA', '1994-04-13', 182);
INSERT INTO ZAWODNIK (ID,POZYCJA_ID, TEAM_ID, KLUB_ID, NAZWA, DATA_URODZENIA, WZROST) VALUES (196, 2, 9, 12, 'AYMAN ASHRAF', '1991-04-09', 176);
INSERT INTO ZAWODNIK (ID,POZYCJA_ID, TEAM_ID, KLUB_ID, NAZWA, DATA_URODZENIA, WZROST) VALUES (197, 2, 9, 15, 'MOHAMED ABDELSHAFY', '1985-07-01', 171);
INSERT INTO ZAWODNIK (ID,POZYCJA_ID, TEAM_ID, KLUB_ID, NAZWA, DATA_URODZENIA, WZROST) VALUES (198, 4, 9, 268, 'RAMADAN SOBHY', '1997-01-23', 183);
INSERT INTO ZAWODNIK (ID,POZYCJA_ID, TEAM_ID, KLUB_ID, NAZWA, DATA_URODZENIA, WZROST) VALUES (199, 2, 9, 309, 'MAHMOUD HAMDY', '1995-06-01', 173);
INSERT INTO ZAWODNIK (ID,POZYCJA_ID, TEAM_ID, KLUB_ID, NAZWA, DATA_URODZENIA, WZROST) VALUES (200, 1, 9, 12, 'SHERIF EKRAMY', '1983-07-10', 193);
INSERT INTO ZAWODNIK (ID,POZYCJA_ID, TEAM_ID, KLUB_ID, NAZWA, DATA_URODZENIA, WZROST) VALUES (201, 3, 9, 29, 'MOHAMED ELNENY', '1992-07-11', 181);
INSERT INTO ZAWODNIK (ID,POZYCJA_ID, TEAM_ID, KLUB_ID, NAZWA, DATA_URODZENIA, WZROST) VALUES (202, 4, 9, 21, 'SHIKABALA', '1986-03-05', 183);
INSERT INTO ZAWODNIK (ID,POZYCJA_ID, TEAM_ID, KLUB_ID, NAZWA, DATA_URODZENIA, WZROST) VALUES (203, 3, 9, 188, 'ABDALLA SAID', '1985-07-13', 176);
INSERT INTO ZAWODNIK (ID,POZYCJA_ID, TEAM_ID, KLUB_ID, NAZWA, DATA_URODZENIA, WZROST) VALUES (204, 2, 9, 12, 'SAMIR SAAD', '1989-04-01', 183);
INSERT INTO ZAWODNIK (ID,POZYCJA_ID, TEAM_ID, KLUB_ID, NAZWA, DATA_URODZENIA, WZROST) VALUES (205, 3, 9, 184, 'TREZEGUET', '1994-10-01', 181);
INSERT INTO ZAWODNIK (ID,POZYCJA_ID, TEAM_ID, KLUB_ID, NAZWA, DATA_URODZENIA, WZROST) VALUES (206, 4, 9, 39, 'AMR WARDA', '1993-09-17', 179);
INSERT INTO ZAWODNIK (ID,POZYCJA_ID, TEAM_ID, KLUB_ID, NAZWA, DATA_URODZENIA, WZROST) VALUES (207, 1, 9, 12, 'MOHAMED ELSHENAWY', '1988-12-18', 191);
INSERT INTO ZAWODNIK (ID,POZYCJA_ID, TEAM_ID, KLUB_ID, NAZWA, DATA_URODZENIA, WZROST) VALUES (208, 1, 1, 108, 'PICKFORD Jorda', '1994-03-07', 185);
INSERT INTO ZAWODNIK (ID,POZYCJA_ID, TEAM_ID, KLUB_ID, NAZWA, DATA_URODZENIA, WZROST) VALUES (209, 2, 1, 207, 'WALKER Kyle', '1990-05-28', 178);
INSERT INTO ZAWODNIK (ID,POZYCJA_ID, TEAM_ID, KLUB_ID, NAZWA, DATA_URODZENIA, WZROST) VALUES (210, 2, 1, 278, 'ROSE Danny', '1990-07-02', 173);
INSERT INTO ZAWODNIK (ID,POZYCJA_ID, TEAM_ID, KLUB_ID, NAZWA, DATA_URODZENIA, WZROST) VALUES (211, 3, 1, 278, 'DIER Eric', '1994-01-15', 188);
INSERT INTO ZAWODNIK (ID,POZYCJA_ID, TEAM_ID, KLUB_ID, NAZWA, DATA_URODZENIA, WZROST) VALUES (212, 2, 1, 207, 'STONES Joh', '1994-05-28', 188);
INSERT INTO ZAWODNIK (ID,POZYCJA_ID, TEAM_ID, KLUB_ID, NAZWA, DATA_URODZENIA, WZROST) VALUES (213, 2, 1, 197, 'MAGUIRE Harry', '1993-03-05', 193);
INSERT INTO ZAWODNIK (ID,POZYCJA_ID, TEAM_ID, KLUB_ID, NAZWA, DATA_URODZENIA, WZROST) VALUES (214, 3, 1, 208, 'LINGARD Jesse', '1992-12-15', 175);
INSERT INTO ZAWODNIK (ID,POZYCJA_ID, TEAM_ID, KLUB_ID, NAZWA, DATA_URODZENIA, WZROST) VALUES (215, 3, 1, 201, 'HENDERSON Jorda', '1990-06-17', 183);
INSERT INTO ZAWODNIK (ID,POZYCJA_ID, TEAM_ID, KLUB_ID, NAZWA, DATA_URODZENIA, WZROST) VALUES (216, 4, 1, 278, 'KANE Harry', '1993-07-28', 188);
INSERT INTO ZAWODNIK (ID,POZYCJA_ID, TEAM_ID, KLUB_ID, NAZWA, DATA_URODZENIA, WZROST) VALUES (217, 4, 1, 207, 'STERLING Raheem', '1994-12-08', 170);
INSERT INTO ZAWODNIK (ID,POZYCJA_ID, TEAM_ID, KLUB_ID, NAZWA, DATA_URODZENIA, WZROST) VALUES (218, 4, 1, 197, 'VARDY Jamie', '1987-01-11', 178);
INSERT INTO ZAWODNIK (ID,POZYCJA_ID, TEAM_ID, KLUB_ID, NAZWA, DATA_URODZENIA, WZROST) VALUES (219, 2, 1, 278, 'TRIPPIER Kiera', '1990-09-19', 178);
INSERT INTO ZAWODNIK (ID,POZYCJA_ID, TEAM_ID, KLUB_ID, NAZWA, DATA_URODZENIA, WZROST) VALUES (220, 1, 1, 268, 'BUTLAND Jack', '1993-03-10', 196);
INSERT INTO ZAWODNIK (ID,POZYCJA_ID, TEAM_ID, KLUB_ID, NAZWA, DATA_URODZENIA, WZROST) VALUES (221, 4, 1, 29, 'WELBECK Danny', '1990-11-26', 184);
INSERT INTO ZAWODNIK (ID,POZYCJA_ID, TEAM_ID, KLUB_ID, NAZWA, DATA_URODZENIA, WZROST) VALUES (222, 2, 1, 74, 'CAHILL Gary', '1985-12-19', 191);
INSERT INTO ZAWODNIK (ID,POZYCJA_ID, TEAM_ID, KLUB_ID, NAZWA, DATA_URODZENIA, WZROST) VALUES (223, 2, 1, 208, 'JONES Phil', '1992-02-21', 182);
INSERT INTO ZAWODNIK (ID,POZYCJA_ID, TEAM_ID, KLUB_ID, NAZWA, DATA_URODZENIA, WZROST) VALUES (224, 2, 1, 207, 'DELPH Fabia', '1989-11-21', 174);
INSERT INTO ZAWODNIK (ID,POZYCJA_ID, TEAM_ID, KLUB_ID, NAZWA, DATA_URODZENIA, WZROST) VALUES (225, 2, 1, 208, 'YOUNG Ashley', '1985-07-09', 175);
INSERT INTO ZAWODNIK (ID,POZYCJA_ID, TEAM_ID, KLUB_ID, NAZWA, DATA_URODZENIA, WZROST) VALUES (226, 4, 1, 208, 'RASHFORD Marcus', '1997-10-31', 180);
INSERT INTO ZAWODNIK (ID,POZYCJA_ID, TEAM_ID, KLUB_ID, NAZWA, DATA_URODZENIA, WZROST) VALUES (227, 3, 1, 278, 'ALLI Dele', '1996-04-11', 188);
INSERT INTO ZAWODNIK (ID,POZYCJA_ID, TEAM_ID, KLUB_ID, NAZWA, DATA_URODZENIA, WZROST) VALUES (228, 3, 1, 74, 'LOFTUS-CHEEK Rube', '1996-01-23', 190);
INSERT INTO ZAWODNIK (ID,POZYCJA_ID, TEAM_ID, KLUB_ID, NAZWA, DATA_URODZENIA, WZROST) VALUES (229, 2, 1, 201, 'ALEXANDER-ARNOLD Trent', '1998-10-07', 175);
INSERT INTO ZAWODNIK (ID,POZYCJA_ID, TEAM_ID, KLUB_ID, NAZWA, DATA_URODZENIA, WZROST) VALUES (230, 1, 1, 51, 'POPE Nick', '1992-04-19', 191);
INSERT INTO ZAWODNIK (ID,POZYCJA_ID, TEAM_ID, KLUB_ID, NAZWA, DATA_URODZENIA, WZROST) VALUES (231, 1, 10, 278, 'LLORIS Hugo', '1986-12-26', 188);
INSERT INTO ZAWODNIK (ID,POZYCJA_ID, TEAM_ID, KLUB_ID, NAZWA, DATA_URODZENIA, WZROST) VALUES (232, 2, 10, 294, 'PAVARD Benjami', '1996-03-28', 186);
INSERT INTO ZAWODNIK (ID,POZYCJA_ID, TEAM_ID, KLUB_ID, NAZWA, DATA_URODZENIA, WZROST) VALUES (233, 2, 10, 224, 'KIMPEMBE Presnel', '1995-08-13', 182);
INSERT INTO ZAWODNIK (ID,POZYCJA_ID, TEAM_ID, KLUB_ID, NAZWA, DATA_URODZENIA, WZROST) VALUES (234, 2, 10, 239, 'VARANE Raphael', '1993-04-25', 191);
INSERT INTO ZAWODNIK (ID,POZYCJA_ID, TEAM_ID, KLUB_ID, NAZWA, DATA_URODZENIA, WZROST) VALUES (235, 2, 10, 113, 'UMTITI Samuel', '1993-11-14', 183);
INSERT INTO ZAWODNIK (ID,POZYCJA_ID, TEAM_ID, KLUB_ID, NAZWA, DATA_URODZENIA, WZROST) VALUES (236, 3, 10, 208, 'POGBA Paul', '1993-03-15', 191);
INSERT INTO ZAWODNIK (ID,POZYCJA_ID, TEAM_ID, KLUB_ID, NAZWA, DATA_URODZENIA, WZROST) VALUES (237, 4, 10, 38, 'GRIEZMANN Antoine', '1991-03-21', 174);
INSERT INTO ZAWODNIK (ID,POZYCJA_ID, TEAM_ID, KLUB_ID, NAZWA, DATA_URODZENIA, WZROST) VALUES (238, 4, 10, 30, 'LEMAR Thomas', '1995-11-12', 172);
INSERT INTO ZAWODNIK (ID,POZYCJA_ID, TEAM_ID, KLUB_ID, NAZWA, DATA_URODZENIA, WZROST) VALUES (239, 4, 10, 74, 'GIROUD Olivier', '1986-09-30', 193);
INSERT INTO ZAWODNIK (ID,POZYCJA_ID, TEAM_ID, KLUB_ID, NAZWA, DATA_URODZENIA, WZROST) VALUES (240, 4, 10, 224, 'MBAPPE Kylia', '1998-12-20', 178);
INSERT INTO ZAWODNIK (ID,POZYCJA_ID, TEAM_ID, KLUB_ID, NAZWA, DATA_URODZENIA, WZROST) VALUES (241, 4, 10, 113, 'DEMBELE Ousmane', '1997-05-15', 178);
INSERT INTO ZAWODNIK (ID,POZYCJA_ID, TEAM_ID, KLUB_ID, NAZWA, DATA_URODZENIA, WZROST) VALUES (242, 3, 10, 115, 'TOLISSO Corenti', '1994-08-03', 180);
INSERT INTO ZAWODNIK (ID,POZYCJA_ID, TEAM_ID, KLUB_ID, NAZWA, DATA_URODZENIA, WZROST) VALUES (243, 3, 10, 74, 'KANTE Ngolo', '1991-03-29', 168);
INSERT INTO ZAWODNIK (ID,POZYCJA_ID, TEAM_ID, KLUB_ID, NAZWA, DATA_URODZENIA, WZROST) VALUES (244, 3, 10, 178, 'MATUIDI Blaise', '1987-04-09', 180);
INSERT INTO ZAWODNIK (ID,POZYCJA_ID, TEAM_ID, KLUB_ID, NAZWA, DATA_URODZENIA, WZROST) VALUES (245, 3, 10, 257, 'NZONZI Steve', '1988-12-15', 197);
INSERT INTO ZAWODNIK (ID,POZYCJA_ID, TEAM_ID, KLUB_ID, NAZWA, DATA_URODZENIA, WZROST) VALUES (246, 1, 10, 220, 'MANDANDA Steve', '1985-03-28', 187);
INSERT INTO ZAWODNIK (ID,POZYCJA_ID, TEAM_ID, KLUB_ID, NAZWA, DATA_URODZENIA, WZROST) VALUES (247, 2, 10, 220, 'RAMI Adil', '1985-12-27', 190);
INSERT INTO ZAWODNIK (ID,POZYCJA_ID, TEAM_ID, KLUB_ID, NAZWA, DATA_URODZENIA, WZROST) VALUES (248, 4, 10, 219, 'FEKIR Nabil', '1993-07-18', 173);
INSERT INTO ZAWODNIK (ID,POZYCJA_ID, TEAM_ID, KLUB_ID, NAZWA, DATA_URODZENIA, WZROST) VALUES (249, 2, 10, 30, 'SIDIBE Djibril', '1992-07-29', 184);
INSERT INTO ZAWODNIK (ID,POZYCJA_ID, TEAM_ID, KLUB_ID, NAZWA, DATA_URODZENIA, WZROST) VALUES (250, 4, 10, 220, 'THAUVIN Floria', '1993-01-26', 180);
INSERT INTO ZAWODNIK (ID,POZYCJA_ID, TEAM_ID, KLUB_ID, NAZWA, DATA_URODZENIA, WZROST) VALUES (251, 2, 10, 38, 'HERNANDEZ Lucas', '1996-02-14', 183);
INSERT INTO ZAWODNIK (ID,POZYCJA_ID, TEAM_ID, KLUB_ID, NAZWA, DATA_URODZENIA, WZROST) VALUES (252, 2, 10, 207, 'MENDY Benjami', '1994-07-17', 183);
INSERT INTO ZAWODNIK (ID,POZYCJA_ID, TEAM_ID, KLUB_ID, NAZWA, DATA_URODZENIA, WZROST) VALUES (253, 1, 10, 224, 'AREOLA Alphonse', '1993-02-27', 195);
INSERT INTO ZAWODNIK (ID,POZYCJA_ID, TEAM_ID, KLUB_ID, NAZWA, DATA_URODZENIA, WZROST) VALUES (254, 1, 20, 115, 'NEUER Manuel', '1986-03-27', 193);
INSERT INTO ZAWODNIK (ID,POZYCJA_ID, TEAM_ID, KLUB_ID, NAZWA, DATA_URODZENIA, WZROST) VALUES (255, 2, 20, 163, 'PLATTENHARDT Marvi', '1992-01-26', 181);
INSERT INTO ZAWODNIK (ID,POZYCJA_ID, TEAM_ID, KLUB_ID, NAZWA, DATA_URODZENIA, WZROST) VALUES (256, 2, 20, 1, 'HECTOR Jonas', '1990-05-27', 185);
INSERT INTO ZAWODNIK (ID,POZYCJA_ID, TEAM_ID, KLUB_ID, NAZWA, DATA_URODZENIA, WZROST) VALUES (257, 2, 20, 296, 'GINTER Matthias', '1994-01-19', 189);
INSERT INTO ZAWODNIK (ID,POZYCJA_ID, TEAM_ID, KLUB_ID, NAZWA, DATA_URODZENIA, WZROST) VALUES (258, 2, 20, 115, 'HUMMELS Mats', '1988-12-16', 192);
INSERT INTO ZAWODNIK (ID,POZYCJA_ID, TEAM_ID, KLUB_ID, NAZWA, DATA_URODZENIA, WZROST) VALUES (259, 3, 20, 178, 'KHEDIRA Sami', '1987-04-04', 189);
INSERT INTO ZAWODNIK (ID,POZYCJA_ID, TEAM_ID, KLUB_ID, NAZWA, DATA_URODZENIA, WZROST) VALUES (260, 3, 20, 224, 'DRAXLER Julia', '1993-09-20', 185);
INSERT INTO ZAWODNIK (ID,POZYCJA_ID, TEAM_ID, KLUB_ID, NAZWA, DATA_URODZENIA, WZROST) VALUES (261, 3, 20, 239, 'KROOS Toni', '1990-01-04', 182);
INSERT INTO ZAWODNIK (ID,POZYCJA_ID, TEAM_ID, KLUB_ID, NAZWA, DATA_URODZENIA, WZROST) VALUES (262, 4, 20, 235, 'WERNER Timo', '1996-03-06', 181);
INSERT INTO ZAWODNIK (ID,POZYCJA_ID, TEAM_ID, KLUB_ID, NAZWA, DATA_URODZENIA, WZROST) VALUES (263, 3, 20, 29, 'OEZIL Mesut', '1988-10-15', 180);
INSERT INTO ZAWODNIK (ID,POZYCJA_ID, TEAM_ID, KLUB_ID, NAZWA, DATA_URODZENIA, WZROST) VALUES (264, 4, 20, 46, 'REUS Marco', '1989-05-31', 180);
INSERT INTO ZAWODNIK (ID,POZYCJA_ID, TEAM_ID, KLUB_ID, NAZWA, DATA_URODZENIA, WZROST) VALUES (265, 1, 20, 224, 'TRAPP Kevi', '1990-07-08', 189);
INSERT INTO ZAWODNIK (ID,POZYCJA_ID, TEAM_ID, KLUB_ID, NAZWA, DATA_URODZENIA, WZROST) VALUES (266, 3, 20, 115, 'MUELLER Thomas', '1989-09-13', 186);
INSERT INTO ZAWODNIK (ID,POZYCJA_ID, TEAM_ID, KLUB_ID, NAZWA, DATA_URODZENIA, WZROST) VALUES (267, 3, 20, 132, 'GORETZKA Leo', '1995-02-06', 189);
INSERT INTO ZAWODNIK (ID,POZYCJA_ID, TEAM_ID, KLUB_ID, NAZWA, DATA_URODZENIA, WZROST) VALUES (268, 2, 20, 115, 'SUELE Niklas', '1995-09-03', 195);
INSERT INTO ZAWODNIK (ID,POZYCJA_ID, TEAM_ID, KLUB_ID, NAZWA, DATA_URODZENIA, WZROST) VALUES (269, 2, 20, 74, 'RUEDIGER Antonio', '1993-03-03', 191);
INSERT INTO ZAWODNIK (ID,POZYCJA_ID, TEAM_ID, KLUB_ID, NAZWA, DATA_URODZENIA, WZROST) VALUES (270, 2, 20, 115, 'BOATENG Jerome', '1988-09-03', 192);
INSERT INTO ZAWODNIK (ID,POZYCJA_ID, TEAM_ID, KLUB_ID, NAZWA, DATA_URODZENIA, WZROST) VALUES (271, 2, 20, 115, 'KIMMICH Joshua', '1995-02-08', 176);
INSERT INTO ZAWODNIK (ID,POZYCJA_ID, TEAM_ID, KLUB_ID, NAZWA, DATA_URODZENIA, WZROST) VALUES (272, 3, 20, 115, 'RUDY Sebastia', '1990-02-28', 179);
INSERT INTO ZAWODNIK (ID,POZYCJA_ID, TEAM_ID, KLUB_ID, NAZWA, DATA_URODZENIA, WZROST) VALUES (273, 3, 20, 41, 'BRANDT Julia', '1996-05-02', 183);
INSERT INTO ZAWODNIK (ID,POZYCJA_ID, TEAM_ID, KLUB_ID, NAZWA, DATA_URODZENIA, WZROST) VALUES (274, 3, 20, 207, 'GUENDOGAN Ilkay', '1990-10-24', 180);
INSERT INTO ZAWODNIK (ID,POZYCJA_ID, TEAM_ID, KLUB_ID, NAZWA, DATA_URODZENIA, WZROST) VALUES (275, 1, 20, 113, 'TER STEGEN Marc-Andre', '1992-04-30', 187);
INSERT INTO ZAWODNIK (ID,POZYCJA_ID, TEAM_ID, KLUB_ID, NAZWA, DATA_URODZENIA, WZROST) VALUES (276, 4, 20, 294, 'GOMEZ Mario', '1985-07-10', 189);
INSERT INTO ZAWODNIK (ID,POZYCJA_ID, TEAM_ID, KLUB_ID, NAZWA, DATA_URODZENIA, WZROST) VALUES (277, 1, 13, 233, 'HALLDORSSON Hannes', '1984-04-27', 193);
INSERT INTO ZAWODNIK (ID,POZYCJA_ID, TEAM_ID, KLUB_ID, NAZWA, DATA_URODZENIA, WZROST) VALUES (278, 2, 13, 292, 'SAEVARSSON Birkir', '1984-11-11', 186);
INSERT INTO ZAWODNIK (ID,POZYCJA_ID, TEAM_ID, KLUB_ID, NAZWA, DATA_URODZENIA, WZROST) VALUES (279, 3, 13, 291, 'FRIDJONSSON Samuel', '1996-02-22', 185);
INSERT INTO ZAWODNIK (ID,POZYCJA_ID, TEAM_ID, KLUB_ID, NAZWA, DATA_URODZENIA, WZROST) VALUES (280, 3, 13, 229, 'GUDMUNDSSON Albert', '1997-06-15', 177);
INSERT INTO ZAWODNIK (ID,POZYCJA_ID, TEAM_ID, KLUB_ID, NAZWA, DATA_URODZENIA, WZROST) VALUES (281, 2, 13, 130, 'INGASON Sverrir', '1993-08-05', 188);
INSERT INTO ZAWODNIK (ID,POZYCJA_ID, TEAM_ID, KLUB_ID, NAZWA, DATA_URODZENIA, WZROST) VALUES (282, 2, 13, 130, 'SIGURDSSON Ragnar', '1986-06-19', 187);
INSERT INTO ZAWODNIK (ID,POZYCJA_ID, TEAM_ID, KLUB_ID, NAZWA, DATA_URODZENIA, WZROST) VALUES (283, 3, 13, 51, 'GUDMUNDSSON Johan', '1990-10-27', 179);
INSERT INTO ZAWODNIK (ID,POZYCJA_ID, TEAM_ID, KLUB_ID, NAZWA, DATA_URODZENIA, WZROST) VALUES (284, 3, 13, 33, 'BJARNASON Birkir', '1988-05-27', 183);
INSERT INTO ZAWODNIK (ID,POZYCJA_ID, TEAM_ID, KLUB_ID, NAZWA, DATA_URODZENIA, WZROST) VALUES (285, 4, 13, 130, 'SIGURDARSON Bjor', '1991-02-26', 187);
INSERT INTO ZAWODNIK (ID,POZYCJA_ID, TEAM_ID, KLUB_ID, NAZWA, DATA_URODZENIA, WZROST) VALUES (286, 3, 13, 108, 'SIGURDSSON Gylfi', '1989-09-08', 186);
INSERT INTO ZAWODNIK (ID,POZYCJA_ID, TEAM_ID, KLUB_ID, NAZWA, DATA_URODZENIA, WZROST) VALUES (287, 4, 13, 112, 'FINNBOGASON Alfred', '1989-02-01', 185);
INSERT INTO ZAWODNIK (ID,POZYCJA_ID, TEAM_ID, KLUB_ID, NAZWA, DATA_URODZENIA, WZROST) VALUES (288, 1, 13, 242, 'SCHRAM Frederik', '1995-01-19', 198);
INSERT INTO ZAWODNIK (ID,POZYCJA_ID, TEAM_ID, KLUB_ID, NAZWA, DATA_URODZENIA, WZROST) VALUES (289, 1, 13, 127, 'RUNARSSON Runar', '1995-02-18', 186);
INSERT INTO ZAWODNIK (ID,POZYCJA_ID, TEAM_ID, KLUB_ID, NAZWA, DATA_URODZENIA, WZROST) VALUES (290, 2, 13, 3, 'ARNASON Kari', '1982-10-13', 191);
INSERT INTO ZAWODNIK (ID,POZYCJA_ID, TEAM_ID, KLUB_ID, NAZWA, DATA_URODZENIA, WZROST) VALUES (291, 2, 13, 199, 'EYJOLFSSON Holmar', '1990-08-06', 188);
INSERT INTO ZAWODNIK (ID,POZYCJA_ID, TEAM_ID, KLUB_ID, NAZWA, DATA_URODZENIA, WZROST) VALUES (292, 3, 13, 180, 'SKULASON Olafur', '1983-04-01', 184);
INSERT INTO ZAWODNIK (ID,POZYCJA_ID, TEAM_ID, KLUB_ID, NAZWA, DATA_URODZENIA, WZROST) VALUES (293, 3, 13, 59, 'GUNNARSSON Aro', '1989-04-22', 181);
INSERT INTO ZAWODNIK (ID,POZYCJA_ID, TEAM_ID, KLUB_ID, NAZWA, DATA_URODZENIA, WZROST) VALUES (294, 2, 13, 49, 'MAGNUSSON Hordur', '1993-02-11', 191);
INSERT INTO ZAWODNIK (ID,POZYCJA_ID, TEAM_ID, KLUB_ID, NAZWA, DATA_URODZENIA, WZROST) VALUES (295, 3, 13, 271, 'GISLASON Rurik', '1988-02-25', 184);
INSERT INTO ZAWODNIK (ID,POZYCJA_ID, TEAM_ID, KLUB_ID, NAZWA, DATA_URODZENIA, WZROST) VALUES (296, 3, 13, 284, 'HALLFREDSSON Emil', '1984-06-29', 186);
INSERT INTO ZAWODNIK (ID,POZYCJA_ID, TEAM_ID, KLUB_ID, NAZWA, DATA_URODZENIA, WZROST) VALUES (297, 3, 13, 206, 'TRAUSTASON Arnor', '1993-04-30', 183);
INSERT INTO ZAWODNIK (ID,POZYCJA_ID, TEAM_ID, KLUB_ID, NAZWA, DATA_URODZENIA, WZROST) VALUES (298, 4, 13, 237, 'BODVARSSON Jo', '1992-05-25', 189);
INSERT INTO ZAWODNIK (ID,POZYCJA_ID, TEAM_ID, KLUB_ID, NAZWA, DATA_URODZENIA, WZROST) VALUES (299, 2, 13, 187, 'SKULASON Ari', '1987-05-14', 170);
INSERT INTO ZAWODNIK (ID,POZYCJA_ID, TEAM_ID, KLUB_ID, NAZWA, DATA_URODZENIA, WZROST) VALUES (300, 1, 12, 225, 'BEIRANVAND Ali', '1992-09-21', 194);
INSERT INTO ZAWODNIK (ID,POZYCJA_ID, TEAM_ID, KLUB_ID, NAZWA, DATA_URODZENIA, WZROST) VALUES (301, 3, 12, 246, 'TORABI Mehdi', '1994-09-10', 185);
INSERT INTO ZAWODNIK (ID,POZYCJA_ID, TEAM_ID, KLUB_ID, NAZWA, DATA_URODZENIA, WZROST) VALUES (302, 2, 12, 218, 'HAJI SAFI Ehsa', '1990-02-25', 178);
INSERT INTO ZAWODNIK (ID,POZYCJA_ID, TEAM_ID, KLUB_ID, NAZWA, DATA_URODZENIA, WZROST) VALUES (303, 2, 12, 106, 'CHESHMI Roozbeh', '1993-07-24', 192);
INSERT INTO ZAWODNIK (ID,POZYCJA_ID, TEAM_ID, KLUB_ID, NAZWA, DATA_URODZENIA, WZROST) VALUES (304, 2, 12, 110, 'MOHAMMADI Milad', '1993-09-29', 178);
INSERT INTO ZAWODNIK (ID,POZYCJA_ID, TEAM_ID, KLUB_ID, NAZWA, DATA_URODZENIA, WZROST) VALUES (305, 3, 12, 141, 'EZATOLAHI Saeid', '1996-10-01', 190);
INSERT INTO ZAWODNIK (ID,POZYCJA_ID, TEAM_ID, KLUB_ID, NAZWA, DATA_URODZENIA, WZROST) VALUES (306, 3, 12, 9, 'SHOJAEI Masoud', '1984-06-09', 187);
INSERT INTO ZAWODNIK (ID,POZYCJA_ID, TEAM_ID, KLUB_ID, NAZWA, DATA_URODZENIA, WZROST) VALUES (307, 2, 12, 22, 'POURALIGANJI Morteza', '1992-04-19', 187);
INSERT INTO ZAWODNIK (ID,POZYCJA_ID, TEAM_ID, KLUB_ID, NAZWA, DATA_URODZENIA, WZROST) VALUES (308, 3, 12, 106, 'EBRAHIMI Omid', '1987-09-16', 178);
INSERT INTO ZAWODNIK (ID,POZYCJA_ID, TEAM_ID, KLUB_ID, NAZWA, DATA_URODZENIA, WZROST) VALUES (309, 4, 12, 218, 'ANSARIFARD Karim', '1990-04-03', 187);
INSERT INTO ZAWODNIK (ID,POZYCJA_ID, TEAM_ID, KLUB_ID, NAZWA, DATA_URODZENIA, WZROST) VALUES (310, 3, 12, 225, 'AMIRI Vahid', '1988-04-02', 179);
INSERT INTO ZAWODNIK (ID,POZYCJA_ID, TEAM_ID, KLUB_ID, NAZWA, DATA_URODZENIA, WZROST) VALUES (311, 1, 12, 310, 'MAZAHERI Rashid', '1989-05-18', 192);
INSERT INTO ZAWODNIK (ID,POZYCJA_ID, TEAM_ID, KLUB_ID, NAZWA, DATA_URODZENIA, WZROST) VALUES (312, 2, 12, 222, 'KHANZADEH Mohammad Reza', '1991-05-11', 186);
INSERT INTO ZAWODNIK (ID,POZYCJA_ID, TEAM_ID, KLUB_ID, NAZWA, DATA_URODZENIA, WZROST) VALUES (313, 4, 12, 171, 'GHODDOS  Sama', '1993-09-06', 177);
INSERT INTO ZAWODNIK (ID,POZYCJA_ID, TEAM_ID, KLUB_ID, NAZWA, DATA_URODZENIA, WZROST) VALUES (314, 2, 12, 106, 'MONTAZERI Pejma', '1983-09-06', 185);
INSERT INTO ZAWODNIK (ID,POZYCJA_ID, TEAM_ID, KLUB_ID, NAZWA, DATA_URODZENIA, WZROST) VALUES (315, 4, 12, 252, 'GHOOCHANNEJHAD Reza', '1987-09-20', 180);
INSERT INTO ZAWODNIK (ID,POZYCJA_ID, TEAM_ID, KLUB_ID, NAZWA, DATA_URODZENIA, WZROST) VALUES (316, 4, 12, 16, 'TAREMI Mehdi', '1992-07-18', 187);
INSERT INTO ZAWODNIK (ID,POZYCJA_ID, TEAM_ID, KLUB_ID, NAZWA, DATA_URODZENIA, WZROST) VALUES (317, 4, 12, 40, 'JAHANBAKHSH Alireza', '1993-08-11', 180);
INSERT INTO ZAWODNIK (ID,POZYCJA_ID, TEAM_ID, KLUB_ID, NAZWA, DATA_URODZENIA, WZROST) VALUES (318, 2, 12, 106, 'HOSSEINI Majid', '1996-06-20', 183);
INSERT INTO ZAWODNIK (ID,POZYCJA_ID, TEAM_ID, KLUB_ID, NAZWA, DATA_URODZENIA, WZROST) VALUES (319, 4, 12, 131, 'AZMOUN Sardar', '1995-01-01', 186);
INSERT INTO ZAWODNIK (ID,POZYCJA_ID, TEAM_ID, KLUB_ID, NAZWA, DATA_URODZENIA, WZROST) VALUES (320, 4, 12, 216, 'DEJAGAH Ashka', '1986-07-05', 181);
INSERT INTO ZAWODNIK (ID,POZYCJA_ID, TEAM_ID, KLUB_ID, NAZWA, DATA_URODZENIA, WZROST) VALUES (321, 1, 12, 87, 'ABEDZADEH Amir', '1993-04-26', 186);
INSERT INTO ZAWODNIK (ID,POZYCJA_ID, TEAM_ID, KLUB_ID, NAZWA, DATA_URODZENIA, WZROST) VALUES (322, 2, 12, 189, 'REZAEIAN Rami', '1990-03-21', 185);
INSERT INTO ZAWODNIK (ID,POZYCJA_ID, TEAM_ID, KLUB_ID, NAZWA, DATA_URODZENIA, WZROST) VALUES (323, 1, 14, 125, 'KAWASHIMA Eiji', '1983-03-20', 185);
INSERT INTO ZAWODNIK (ID,POZYCJA_ID, TEAM_ID, KLUB_ID, NAZWA, DATA_URODZENIA, WZROST) VALUES (324, 2, 14, 182, 'UEDA Naomichi', '1994-10-24', 186);
INSERT INTO ZAWODNIK (ID,POZYCJA_ID, TEAM_ID, KLUB_ID, NAZWA, DATA_URODZENIA, WZROST) VALUES (325, 2, 14, 182, 'SHOJI Ge', '1992-12-11', 182);
INSERT INTO ZAWODNIK (ID,POZYCJA_ID, TEAM_ID, KLUB_ID, NAZWA, DATA_URODZENIA, WZROST) VALUES (326, 3, 14, 72, 'HONDA Keisuke', '1986-06-13', 182);
INSERT INTO ZAWODNIK (ID,POZYCJA_ID, TEAM_ID, KLUB_ID, NAZWA, DATA_URODZENIA, WZROST) VALUES (327, 2, 14, 147, 'NAGATOMO Yuto', '1986-09-12', 170);
INSERT INTO ZAWODNIK (ID,POZYCJA_ID, TEAM_ID, KLUB_ID, NAZWA, DATA_URODZENIA, WZROST) VALUES (328, 2, 14, 288, 'ENDO Wataru', '1993-02-09', 178);
INSERT INTO ZAWODNIK (ID,POZYCJA_ID, TEAM_ID, KLUB_ID, NAZWA, DATA_URODZENIA, WZROST) VALUES (329, 3, 14, 150, 'SHIBASAKI Gaku', '1992-05-28', 175);
INSERT INTO ZAWODNIK (ID,POZYCJA_ID, TEAM_ID, KLUB_ID, NAZWA, DATA_URODZENIA, WZROST) VALUES (330, 3, 14, 144, 'HARAGUCHI Genki', '1991-05-09', 178);
INSERT INTO ZAWODNIK (ID,POZYCJA_ID, TEAM_ID, KLUB_ID, NAZWA, DATA_URODZENIA, WZROST) VALUES (331, 4, 14, 197, 'OKAZAKI Shinji', '1986-04-16', 174);
INSERT INTO ZAWODNIK (ID,POZYCJA_ID, TEAM_ID, KLUB_ID, NAZWA, DATA_URODZENIA, WZROST) VALUES (332, 3, 14, 46, 'KAGAWA Shinji', '1989-03-17', 175);
INSERT INTO ZAWODNIK (ID,POZYCJA_ID, TEAM_ID, KLUB_ID, NAZWA, DATA_URODZENIA, WZROST) VALUES (333, 3, 14, 144, 'USAMI Takashi', '1992-05-06', 178);
INSERT INTO ZAWODNIK (ID,POZYCJA_ID, TEAM_ID, KLUB_ID, NAZWA, DATA_URODZENIA, WZROST) VALUES (334, 1, 14, 148, 'HIGASHIGUCHI Masaaki', '1986-05-12', 184);
INSERT INTO ZAWODNIK (ID,POZYCJA_ID, TEAM_ID, KLUB_ID, NAZWA, DATA_URODZENIA, WZROST) VALUES (335, 4, 14, 145, 'MUTO Yoshinori', '1992-07-15', 179);
INSERT INTO ZAWODNIK (ID,POZYCJA_ID, TEAM_ID, KLUB_ID, NAZWA, DATA_URODZENIA, WZROST) VALUES (336, 3, 14, 253, 'INUI Takashi', '1988-06-02', 169);
INSERT INTO ZAWODNIK (ID,POZYCJA_ID, TEAM_ID, KLUB_ID, NAZWA, DATA_URODZENIA, WZROST) VALUES (337, 4, 14, 1, 'OSAKO Yuya', '1990-05-18', 182);
INSERT INTO ZAWODNIK (ID,POZYCJA_ID, TEAM_ID, KLUB_ID, NAZWA, DATA_URODZENIA, WZROST) VALUES (338, 3, 14, 69, 'YAMAGUCHI Hotaru', '1990-10-06', 173);
INSERT INTO ZAWODNIK (ID,POZYCJA_ID, TEAM_ID, KLUB_ID, NAZWA, DATA_URODZENIA, WZROST) VALUES (339, 3, 14, 102, 'HASEBE Makoto', '1984-01-18', 180);
INSERT INTO ZAWODNIK (ID,POZYCJA_ID, TEAM_ID, KLUB_ID, NAZWA, DATA_URODZENIA, WZROST) VALUES (340, 3, 14, 185, 'OSHIMA Ryota', '1993-01-23', 168);
INSERT INTO ZAWODNIK (ID,POZYCJA_ID, TEAM_ID, KLUB_ID, NAZWA, DATA_URODZENIA, WZROST) VALUES (341, 2, 14, 220, 'SAKAI Hiroki', '1990-04-12', 183);
INSERT INTO ZAWODNIK (ID,POZYCJA_ID, TEAM_ID, KLUB_ID, NAZWA, DATA_URODZENIA, WZROST) VALUES (342, 2, 14, 288, 'MAKINO Tomoaki', '1987-05-11', 182);
INSERT INTO ZAWODNIK (ID,POZYCJA_ID, TEAM_ID, KLUB_ID, NAZWA, DATA_URODZENIA, WZROST) VALUES (343, 2, 14, 158, 'SAKAI Gotoku', '1991-03-14', 176);
INSERT INTO ZAWODNIK (ID,POZYCJA_ID, TEAM_ID, KLUB_ID, NAZWA, DATA_URODZENIA, WZROST) VALUES (344, 2, 14, 260, 'YOSHIDA Maya', '1988-08-24', 189);
INSERT INTO ZAWODNIK (ID,POZYCJA_ID, TEAM_ID, KLUB_ID, NAZWA, DATA_URODZENIA, WZROST) VALUES (345, 1, 14, 183, 'NAKAMURA Kosuke', '1995-02-27', 184);
INSERT INTO ZAWODNIK (ID,POZYCJA_ID, TEAM_ID, KLUB_ID, NAZWA, DATA_URODZENIA, WZROST) VALUES (346, 1, 16, 299, 'KIM Seunggyu', '1990-09-30', 187);
INSERT INTO ZAWODNIK (ID,POZYCJA_ID, TEAM_ID, KLUB_ID, NAZWA, DATA_URODZENIA, WZROST) VALUES (347, 2, 16, 177, 'LEE Yong', '1986-12-24', 180);
INSERT INTO ZAWODNIK (ID,POZYCJA_ID, TEAM_ID, KLUB_ID, NAZWA, DATA_URODZENIA, WZROST) VALUES (348, 2, 16, 245, 'JUNG Seunghyu', '1994-04-03', 188);
INSERT INTO ZAWODNIK (ID,POZYCJA_ID, TEAM_ID, KLUB_ID, NAZWA, DATA_URODZENIA, WZROST) VALUES (349, 2, 16, 176, 'OH Bansuk', '1988-05-20', 189);
INSERT INTO ZAWODNIK (ID,POZYCJA_ID, TEAM_ID, KLUB_ID, NAZWA, DATA_URODZENIA, WZROST) VALUES (350, 2, 16, 256, 'YUN Youngsu', '1988-10-04', 185);
INSERT INTO ZAWODNIK (ID,POZYCJA_ID, TEAM_ID, KLUB_ID, NAZWA, DATA_URODZENIA, WZROST) VALUES (351, 2, 16, 285, 'PARK Jooho', '1987-01-16', 174);
INSERT INTO ZAWODNIK (ID,POZYCJA_ID, TEAM_ID, KLUB_ID, NAZWA, DATA_URODZENIA, WZROST) VALUES (352, 4, 16, 278, 'SON Heungmi', '1992-07-08', 183);
INSERT INTO ZAWODNIK (ID,POZYCJA_ID, TEAM_ID, KLUB_ID, NAZWA, DATA_URODZENIA, WZROST) VALUES (353, 3, 16, 32, 'JU Sejong', '1990-10-30', 176);
INSERT INTO ZAWODNIK (ID,POZYCJA_ID, TEAM_ID, KLUB_ID, NAZWA, DATA_URODZENIA, WZROST) VALUES (354, 4, 16, 177, 'KIM Shinwook', '1988-04-14', 197);
INSERT INTO ZAWODNIK (ID,POZYCJA_ID, TEAM_ID, KLUB_ID, NAZWA, DATA_URODZENIA, WZROST) VALUES (355, 3, 16, 162, 'LEE Seungwoo', '1998-01-06', 170);
INSERT INTO ZAWODNIK (ID,POZYCJA_ID, TEAM_ID, KLUB_ID, NAZWA, DATA_URODZENIA, WZROST) VALUES (356, 4, 16, 129, 'HWANG Heecha', '1996-01-26', 177);
INSERT INTO ZAWODNIK (ID,POZYCJA_ID, TEAM_ID, KLUB_ID, NAZWA, DATA_URODZENIA, WZROST) VALUES (357, 2, 16, 249, 'KIM Minwoo', '1990-02-25', 172);
INSERT INTO ZAWODNIK (ID,POZYCJA_ID, TEAM_ID, KLUB_ID, NAZWA, DATA_URODZENIA, WZROST) VALUES (358, 3, 16, 112, 'KOO Jacheol', '1989-02-27', 182);
INSERT INTO ZAWODNIK (ID,POZYCJA_ID, TEAM_ID, KLUB_ID, NAZWA, DATA_URODZENIA, WZROST) VALUES (359, 2, 16, 249, 'HONG Chul', '1990-09-17', 176);
INSERT INTO ZAWODNIK (ID,POZYCJA_ID, TEAM_ID, KLUB_ID, NAZWA, DATA_URODZENIA, WZROST) VALUES (360, 3, 16, 299, 'JUNG Wooyoung', '1989-12-14', 186);
INSERT INTO ZAWODNIK (ID,POZYCJA_ID, TEAM_ID, KLUB_ID, NAZWA, DATA_URODZENIA, WZROST) VALUES (361, 3, 16, 273, 'KI Sungyueng', '1989-01-24', 186);
INSERT INTO ZAWODNIK (ID,POZYCJA_ID, TEAM_ID, KLUB_ID, NAZWA, DATA_URODZENIA, WZROST) VALUES (362, 3, 16, 177, 'LEE Jaesung', '1992-08-10', 180);
INSERT INTO ZAWODNIK (ID,POZYCJA_ID, TEAM_ID, KLUB_ID, NAZWA, DATA_URODZENIA, WZROST) VALUES (363, 3, 16, 172, 'MOON Seonmi', '1992-06-09', 172);
INSERT INTO ZAWODNIK (ID,POZYCJA_ID, TEAM_ID, KLUB_ID, NAZWA, DATA_URODZENIA, WZROST) VALUES (364, 2, 16, 157, 'KIM Younggwo', '1990-02-27', 184);
INSERT INTO ZAWODNIK (ID,POZYCJA_ID, TEAM_ID, KLUB_ID, NAZWA, DATA_URODZENIA, WZROST) VALUES (365, 2, 16, 137, 'JANG Hyunsoo', '1991-09-28', 187);
INSERT INTO ZAWODNIK (ID,POZYCJA_ID, TEAM_ID, KLUB_ID, NAZWA, DATA_URODZENIA, WZROST) VALUES (366, 1, 16, 69, 'KIM Jinhyeo', '1987-07-06', 193);
INSERT INTO ZAWODNIK (ID,POZYCJA_ID, TEAM_ID, KLUB_ID, NAZWA, DATA_URODZENIA, WZROST) VALUES (367, 2, 16, 133, 'GO Yoha', '1988-03-10', 170);
INSERT INTO ZAWODNIK (ID,POZYCJA_ID, TEAM_ID, KLUB_ID, NAZWA, DATA_URODZENIA, WZROST) VALUES (368, 1, 16, 92, 'JO Hyeonwoo', '1991-09-25', 189);
INSERT INTO ZAWODNIK (ID,POZYCJA_ID, TEAM_ID, KLUB_ID, NAZWA, DATA_URODZENIA, WZROST) VALUES (369, 1, 19, 83, 'CORONA Jose', '1981-01-26', 182);
INSERT INTO ZAWODNIK (ID,POZYCJA_ID, TEAM_ID, KLUB_ID, NAZWA, DATA_URODZENIA, WZROST) VALUES (370, 2, 19, 276, 'AYALA Hugo', '1987-03-31', 188);
INSERT INTO ZAWODNIK (ID,POZYCJA_ID, TEAM_ID, KLUB_ID, NAZWA, DATA_URODZENIA, WZROST) VALUES (371, 2, 19, 102, 'SALCEDO Carlos', '1993-09-29', 189);
INSERT INTO ZAWODNIK (ID,POZYCJA_ID, TEAM_ID, KLUB_ID, NAZWA, DATA_URODZENIA, WZROST) VALUES (372, 2, 19, 70, 'MARQUEZ Rafael', '1979-02-13', 184);
INSERT INTO ZAWODNIK (ID,POZYCJA_ID, TEAM_ID, KLUB_ID, NAZWA, DATA_URODZENIA, WZROST) VALUES (373, 2, 19, 72, 'Erick Gutierrez', '1995-06-15', 176);
INSERT INTO ZAWODNIK (ID,POZYCJA_ID, TEAM_ID, KLUB_ID, NAZWA, DATA_URODZENIA, WZROST) VALUES (374, 3, 19, 191, 'DOS SANTOS Jonatha', '1990-04-26', 173);
INSERT INTO ZAWODNIK (ID,POZYCJA_ID, TEAM_ID, KLUB_ID, NAZWA, DATA_URODZENIA, WZROST) VALUES (375, 3, 19, 257, 'LAYUN Miguel', '1988-06-25', 180);
INSERT INTO ZAWODNIK (ID,POZYCJA_ID, TEAM_ID, KLUB_ID, NAZWA, DATA_URODZENIA, WZROST) VALUES (376, 4, 19, 102, 'FABIAN Marco', '1989-07-21', 171);
INSERT INTO ZAWODNIK (ID,POZYCJA_ID, TEAM_ID, KLUB_ID, NAZWA, DATA_URODZENIA, WZROST) VALUES (377, 4, 19, 258, 'JIMENEZ Raul', '1991-05-05', 188);
INSERT INTO ZAWODNIK (ID,POZYCJA_ID, TEAM_ID, KLUB_ID, NAZWA, DATA_URODZENIA, WZROST) VALUES (378, 3, 19, 191, 'DOS SANTOS Giovani', '1989-05-11', 178);
INSERT INTO ZAWODNIK (ID,POZYCJA_ID, TEAM_ID, KLUB_ID, NAZWA, DATA_URODZENIA, WZROST) VALUES (379, 4, 19, 203, 'VELA Carlos', '1989-03-01', 178);
INSERT INTO ZAWODNIK (ID,POZYCJA_ID, TEAM_ID, KLUB_ID, NAZWA, DATA_URODZENIA, WZROST) VALUES (380, 1, 19, 98, 'TALAVERA Alfredo', '1982-09-18', 188);
INSERT INTO ZAWODNIK (ID,POZYCJA_ID, TEAM_ID, KLUB_ID, NAZWA, DATA_URODZENIA, WZROST) VALUES (381, 1, 19, 267, 'OCHOA Guillermo', '1985-07-13', 185);
INSERT INTO ZAWODNIK (ID,POZYCJA_ID, TEAM_ID, KLUB_ID, NAZWA, DATA_URODZENIA, WZROST) VALUES (382, 4, 19, 303, 'HERNANDEZ Javier', '1988-06-01', 175);
INSERT INTO ZAWODNIK (ID,POZYCJA_ID, TEAM_ID, KLUB_ID, NAZWA, DATA_URODZENIA, WZROST) VALUES (383, 2, 19, 240, 'MORENO Hector', '1988-01-17', 182);
INSERT INTO ZAWODNIK (ID,POZYCJA_ID, TEAM_ID, KLUB_ID, NAZWA, DATA_URODZENIA, WZROST) VALUES (384, 2, 19, 128, 'HERRERA Hector', '1990-04-19', 180);
INSERT INTO ZAWODNIK (ID,POZYCJA_ID, TEAM_ID, KLUB_ID, NAZWA, DATA_URODZENIA, WZROST) VALUES (385, 3, 19, 128, 'CORONA Jesus', '1993-01-06', 174);
INSERT INTO ZAWODNIK (ID,POZYCJA_ID, TEAM_ID, KLUB_ID, NAZWA, DATA_URODZENIA, WZROST) VALUES (386, 3, 19, 238, 'GUARDADO Andres', '1986-09-28', 167);
INSERT INTO ZAWODNIK (ID,POZYCJA_ID, TEAM_ID, KLUB_ID, NAZWA, DATA_URODZENIA, WZROST) VALUES (387, 4, 19, 78, 'PERALTA Oribe', '1984-01-12', 178);
INSERT INTO ZAWODNIK (ID,POZYCJA_ID, TEAM_ID, KLUB_ID, NAZWA, DATA_URODZENIA, WZROST) VALUES (388, 3, 19, 276, 'AQUINO Javier', '1990-02-11', 166);
INSERT INTO ZAWODNIK (ID,POZYCJA_ID, TEAM_ID, KLUB_ID, NAZWA, DATA_URODZENIA, WZROST) VALUES (389, 2, 19, 78, 'ALVAREZ Edso', '1997-10-24', 186);
INSERT INTO ZAWODNIK (ID,POZYCJA_ID, TEAM_ID, KLUB_ID, NAZWA, DATA_URODZENIA, WZROST) VALUES (390, 4, 19, 229, 'LOZANO Hirving', '1995-07-30', 176);
INSERT INTO ZAWODNIK (ID,POZYCJA_ID, TEAM_ID, KLUB_ID, NAZWA, DATA_URODZENIA, WZROST) VALUES (391, 3, 19, 231, 'GALLARDO Jesus', '1994-08-15', 177);
INSERT INTO ZAWODNIK (ID,POZYCJA_ID, TEAM_ID, KLUB_ID, NAZWA, DATA_URODZENIA, WZROST) VALUES (392, 1, 18, 151, 'BOUNOU Yassine', '1991-04-05', 190);
INSERT INTO ZAWODNIK (ID,POZYCJA_ID, TEAM_ID, KLUB_ID, NAZWA, DATA_URODZENIA, WZROST) VALUES (393, 2, 18, 239, 'HAKIMI Achraf', '1998-11-04', 179);
INSERT INTO ZAWODNIK (ID,POZYCJA_ID, TEAM_ID, KLUB_ID, NAZWA, DATA_URODZENIA, WZROST) VALUES (394, 2, 18, 200, 'MENDYL Hamza', '1997-10-21', 179);
INSERT INTO ZAWODNIK (ID,POZYCJA_ID, TEAM_ID, KLUB_ID, NAZWA, DATA_URODZENIA, WZROST) VALUES (395, 2, 18, 175, 'DA COSTA Manuel', '1986-05-06', 187);
INSERT INTO ZAWODNIK (ID,POZYCJA_ID, TEAM_ID, KLUB_ID, NAZWA, DATA_URODZENIA, WZROST) VALUES (396, 2, 18, 178, 'BENATIA Medhi', '1987-04-17', 188);
INSERT INTO ZAWODNIK (ID,POZYCJA_ID, TEAM_ID, KLUB_ID, NAZWA, DATA_URODZENIA, WZROST) VALUES (397, 2, 18, 305, 'SAISS Romai', '1990-03-26', 190);
INSERT INTO ZAWODNIK (ID,POZYCJA_ID, TEAM_ID, KLUB_ID, NAZWA, DATA_URODZENIA, WZROST) VALUES (398, 3, 18, 10, 'ZIYACH Hakim', '1993-03-19', 180);
INSERT INTO ZAWODNIK (ID,POZYCJA_ID, TEAM_ID, KLUB_ID, NAZWA, DATA_URODZENIA, WZROST) VALUES (399, 3, 18, 140, 'EL AHMADI Karim', '1985-01-27', 179);
INSERT INTO ZAWODNIK (ID,POZYCJA_ID, TEAM_ID, KLUB_ID, NAZWA, DATA_URODZENIA, WZROST) VALUES (400, 4, 18, 243, 'EL KAABI Ayoub', '1993-06-25', 182);
INSERT INTO ZAWODNIK (ID,POZYCJA_ID, TEAM_ID, KLUB_ID, NAZWA, DATA_URODZENIA, WZROST) VALUES (401, 3, 18, 147, 'BELHANDA Younes', '1990-02-25', 174);
INSERT INTO ZAWODNIK (ID,POZYCJA_ID, TEAM_ID, KLUB_ID, NAZWA, DATA_URODZENIA, WZROST) VALUES (402, 3, 18, 150, 'FAJR Faycal', '1988-08-01', 178);
INSERT INTO ZAWODNIK (ID,POZYCJA_ID, TEAM_ID, KLUB_ID, NAZWA, DATA_URODZENIA, WZROST) VALUES (403, 1, 18, 62, 'EL KAJOUI Monir', '1989-05-10', 190);
INSERT INTO ZAWODNIK (ID,POZYCJA_ID, TEAM_ID, KLUB_ID, NAZWA, DATA_URODZENIA, WZROST) VALUES (404, 4, 18, 307, 'BOUTAIB Khalid', '1987-04-24', 190);
INSERT INTO ZAWODNIK (ID,POZYCJA_ID, TEAM_ID, KLUB_ID, NAZWA, DATA_URODZENIA, WZROST) VALUES (405, 3, 18, 19, 'BOUSSOUFA Mbark', '1984-08-15', 167);
INSERT INTO ZAWODNIK (ID,POZYCJA_ID, TEAM_ID, KLUB_ID, NAZWA, DATA_URODZENIA, WZROST) VALUES (406, 3, 18, 259, 'AIT BENNASSER Youssef', '1996-07-07', 184);
INSERT INTO ZAWODNIK (ID,POZYCJA_ID, TEAM_ID, KLUB_ID, NAZWA, DATA_URODZENIA, WZROST) VALUES (407, 3, 18, 61, 'AMRABAT Noureddine', '1987-03-31', 178);
INSERT INTO ZAWODNIK (ID,POZYCJA_ID, TEAM_ID, KLUB_ID, NAZWA, DATA_URODZENIA, WZROST) VALUES (408, 2, 18, 139, 'DIRAR Nabil', '1986-02-25', 187);
INSERT INTO ZAWODNIK (ID,POZYCJA_ID, TEAM_ID, KLUB_ID, NAZWA, DATA_URODZENIA, WZROST) VALUES (409, 3, 18, 132, 'HARIT Amine', '1997-06-18', 179);
INSERT INTO ZAWODNIK (ID,POZYCJA_ID, TEAM_ID, KLUB_ID, NAZWA, DATA_URODZENIA, WZROST) VALUES (410, 4, 18, 205, 'EN NESYRI Youssef', '1997-06-01', 188);
INSERT INTO ZAWODNIK (ID,POZYCJA_ID, TEAM_ID, KLUB_ID, NAZWA, DATA_URODZENIA, WZROST) VALUES (411, 4, 18, 136, 'BOUHADDOUZ Aziz', '1987-03-30', 188);
INSERT INTO ZAWODNIK (ID,POZYCJA_ID, TEAM_ID, KLUB_ID, NAZWA, DATA_URODZENIA, WZROST) VALUES (412, 3, 18, 140, 'AMRABAT Sofya', '1996-08-21', 183);
INSERT INTO ZAWODNIK (ID,POZYCJA_ID, TEAM_ID, KLUB_ID, NAZWA, DATA_URODZENIA, WZROST) VALUES (413, 1, 18, 174, 'TAGNAOUTI Ahmed', '1996-04-05', 186);
INSERT INTO ZAWODNIK (ID,POZYCJA_ID, TEAM_ID, KLUB_ID, NAZWA, DATA_URODZENIA, WZROST) VALUES (414, 3, 18, 267, 'CARCELA Mehdi', '1989-07-01', 176);
INSERT INTO ZAWODNIK (ID,POZYCJA_ID, TEAM_ID, KLUB_ID, NAZWA, DATA_URODZENIA, WZROST) VALUES (415, 1, 21, 103, 'EZENWA Ikechukwu', '1988-10-16', 181);
INSERT INTO ZAWODNIK (ID,POZYCJA_ID, TEAM_ID, KLUB_ID, NAZWA, DATA_URODZENIA, WZROST) VALUES (416, 2, 21, 141, 'IDOWU Brya', '1992-05-18', 179);
INSERT INTO ZAWODNIK (ID,POZYCJA_ID, TEAM_ID, KLUB_ID, NAZWA, DATA_URODZENIA, WZROST) VALUES (417, 2, 21, 68, 'ECHIEJILE Elderso', '1988-01-20', 185);
INSERT INTO ZAWODNIK (ID,POZYCJA_ID, TEAM_ID, KLUB_ID, NAZWA, DATA_URODZENIA, WZROST) VALUES (418, 3, 21, 197, 'NDIDI Onyinye', '1996-12-16', 184);
INSERT INTO ZAWODNIK (ID,POZYCJA_ID, TEAM_ID, KLUB_ID, NAZWA, DATA_URODZENIA, WZROST) VALUES (419, 2, 21, 52, 'EKONG William', '1993-09-01', 191);
INSERT INTO ZAWODNIK (ID,POZYCJA_ID, TEAM_ID, KLUB_ID, NAZWA, DATA_URODZENIA, WZROST) VALUES (420, 2, 21, 145, 'BALOGUN Leo', '1988-06-28', 190);
INSERT INTO ZAWODNIK (ID,POZYCJA_ID, TEAM_ID, KLUB_ID, NAZWA, DATA_URODZENIA, WZROST) VALUES (421, 4, 21, 90, 'MUSA Ahmed', '1992-10-14', 173);
INSERT INTO ZAWODNIK (ID,POZYCJA_ID, TEAM_ID, KLUB_ID, NAZWA, DATA_URODZENIA, WZROST) VALUES (422, 3, 21, 283, 'ETEBO Oghenekaro', '1995-11-09', 174);
INSERT INTO ZAWODNIK (ID,POZYCJA_ID, TEAM_ID, KLUB_ID, NAZWA, DATA_URODZENIA, WZROST) VALUES (423, 4, 21, 73, 'IGHALO Odio', '1989-06-16', 188);
INSERT INTO ZAWODNIK (ID,POZYCJA_ID, TEAM_ID, KLUB_ID, NAZWA, DATA_URODZENIA, WZROST) VALUES (424, 3, 21, 275, 'MIKEL John Obi', '1987-04-22', 188);
INSERT INTO ZAWODNIK (ID,POZYCJA_ID, TEAM_ID, KLUB_ID, NAZWA, DATA_URODZENIA, WZROST) VALUES (425, 4, 21, 74, 'MOSES Victor', '1990-12-12', 177);
INSERT INTO ZAWODNIK (ID,POZYCJA_ID, TEAM_ID, KLUB_ID, NAZWA, DATA_URODZENIA, WZROST) VALUES (426, 2, 21, 52, 'SHEHU Abdullahi', '1993-03-12', 182);
INSERT INTO ZAWODNIK (ID,POZYCJA_ID, TEAM_ID, KLUB_ID, NAZWA, DATA_URODZENIA, WZROST) VALUES (427, 4, 21, 116, 'NWANKWO Simeo', '1992-05-07', 197);
INSERT INTO ZAWODNIK (ID,POZYCJA_ID, TEAM_ID, KLUB_ID, NAZWA, DATA_URODZENIA, WZROST) VALUES (428, 4, 21, 197, 'IHEANACHO Kelechi', '1996-03-10', 183);
INSERT INTO ZAWODNIK (ID,POZYCJA_ID, TEAM_ID, KLUB_ID, NAZWA, DATA_URODZENIA, WZROST) VALUES (429, 3, 21, 277, 'OBI Joel', '1991-05-22', 177);
INSERT INTO ZAWODNIK (ID,POZYCJA_ID, TEAM_ID, KLUB_ID, NAZWA, DATA_URODZENIA, WZROST) VALUES (430, 1, 21, 75, 'AKPEYI Daniel', '1986-03-08', 187);
INSERT INTO ZAWODNIK (ID,POZYCJA_ID, TEAM_ID, KLUB_ID, NAZWA, DATA_URODZENIA, WZROST) VALUES (431, 3, 21, 280, 'ONAZI Ogenyi', '1992-12-25', 172);
INSERT INTO ZAWODNIK (ID,POZYCJA_ID, TEAM_ID, KLUB_ID, NAZWA, DATA_URODZENIA, WZROST) VALUES (432, 4, 21, 29, 'IWOBI Alex', '1996-05-03', 185);
INSERT INTO ZAWODNIK (ID,POZYCJA_ID, TEAM_ID, KLUB_ID, NAZWA, DATA_URODZENIA, WZROST) VALUES (433, 3, 21, 160, 'OGU Joh', '1988-04-20', 191);
INSERT INTO ZAWODNIK (ID,POZYCJA_ID, TEAM_ID, KLUB_ID, NAZWA, DATA_URODZENIA, WZROST) VALUES (434, 2, 21, 126, 'AWAZIEM Chidozie', '1997-01-01', 192);
INSERT INTO ZAWODNIK (ID,POZYCJA_ID, TEAM_ID, KLUB_ID, NAZWA, DATA_URODZENIA, WZROST) VALUES (435, 2, 21, 8, 'EBUEHI Tyronne', '1995-12-16', 187);
INSERT INTO ZAWODNIK (ID,POZYCJA_ID, TEAM_ID, KLUB_ID, NAZWA, DATA_URODZENIA, WZROST) VALUES (436, 2, 21, 184, 'OMERUO Kenneth', '1993-10-17', 185);
INSERT INTO ZAWODNIK (ID,POZYCJA_ID, TEAM_ID, KLUB_ID, NAZWA, DATA_URODZENIA, WZROST) VALUES (437, 1, 21, 95, 'UZOHO Francis', '1998-10-28', 196);
INSERT INTO ZAWODNIK (ID,POZYCJA_ID, TEAM_ID, KLUB_ID, NAZWA, DATA_URODZENIA, WZROST) VALUES (438, 1, 22, 100, 'PENEDO Jaime', '1981-09-26', 183);
INSERT INTO ZAWODNIK (ID,POZYCJA_ID, TEAM_ID, KLUB_ID, NAZWA, DATA_URODZENIA, WZROST) VALUES (439, 2, 22, 214, 'MURILLO Michael', '1996-02-11', 183);
INSERT INTO ZAWODNIK (ID,POZYCJA_ID, TEAM_ID, KLUB_ID, NAZWA, DATA_URODZENIA, WZROST) VALUES (440, 2, 22, 248, 'CUMMINGS Harold', '1992-03-01', 183);
INSERT INTO ZAWODNIK (ID,POZYCJA_ID, TEAM_ID, KLUB_ID, NAZWA, DATA_URODZENIA, WZROST) VALUES (441, 2, 22, 214, 'ESCOBAR Fidel', '1995-01-09', 182);
INSERT INTO ZAWODNIK (ID,POZYCJA_ID, TEAM_ID, KLUB_ID, NAZWA, DATA_URODZENIA, WZROST) VALUES (442, 2, 22, 255, 'TORRES Roma', '1986-03-20', 188);
INSERT INTO ZAWODNIK (ID,POZYCJA_ID, TEAM_ID, KLUB_ID, NAZWA, DATA_URODZENIA, WZROST) VALUES (443, 3, 22, 36, 'GOMEZ Gabriel', '1984-05-29', 183);
INSERT INTO ZAWODNIK (ID,POZYCJA_ID, TEAM_ID, KLUB_ID, NAZWA, DATA_URODZENIA, WZROST) VALUES (444, 4, 22, 89, 'PEREZ Blas', '1981-03-13', 187);
INSERT INTO ZAWODNIK (ID,POZYCJA_ID, TEAM_ID, KLUB_ID, NAZWA, DATA_URODZENIA, WZROST) VALUES (445, 3, 22, 58, 'BARCENAS Edgar', '1993-10-23', 175);
INSERT INTO ZAWODNIK (ID,POZYCJA_ID, TEAM_ID, KLUB_ID, NAZWA, DATA_URODZENIA, WZROST) VALUES (446, 4, 22, 60, 'TORRES Gabriel', '1988-10-31', 180);
INSERT INTO ZAWODNIK (ID,POZYCJA_ID, TEAM_ID, KLUB_ID, NAZWA, DATA_URODZENIA, WZROST) VALUES (447, 4, 22, 95, 'DIAZ Ismael', '1997-05-12', 181);
INSERT INTO ZAWODNIK (ID,POZYCJA_ID, TEAM_ID, KLUB_ID, NAZWA, DATA_URODZENIA, WZROST) VALUES (448, 3, 22, 80, 'COOPER Armando', '1987-11-26', 173);
INSERT INTO ZAWODNIK (ID,POZYCJA_ID, TEAM_ID, KLUB_ID, NAZWA, DATA_URODZENIA, WZROST) VALUES (449, 1, 22, 76, 'CALDERON Jose', '1985-08-14', 187);
INSERT INTO ZAWODNIK (ID,POZYCJA_ID, TEAM_ID, KLUB_ID, NAZWA, DATA_URODZENIA, WZROST) VALUES (450, 2, 22, 167, 'MACHADO Adolfo', '1985-02-14', 182);
INSERT INTO ZAWODNIK (ID,POZYCJA_ID, TEAM_ID, KLUB_ID, NAZWA, DATA_URODZENIA, WZROST) VALUES (451, 3, 22, 227, 'PIMENTEL Valenti', '1991-05-30', 189);
INSERT INTO ZAWODNIK (ID,POZYCJA_ID, TEAM_ID, KLUB_ID, NAZWA, DATA_URODZENIA, WZROST) VALUES (452, 2, 22, 91, 'DAVIS Eric', '1991-03-31', 180);
INSERT INTO ZAWODNIK (ID,POZYCJA_ID, TEAM_ID, KLUB_ID, NAZWA, DATA_URODZENIA, WZROST) VALUES (453, 4, 22, 193, 'ARROYO Abdiel', '1993-12-13', 183);
INSERT INTO ZAWODNIK (ID,POZYCJA_ID, TEAM_ID, KLUB_ID, NAZWA, DATA_URODZENIA, WZROST) VALUES (454, 2, 22, 63, 'OVALLE Luis', '1988-09-07', 178);
INSERT INTO ZAWODNIK (ID,POZYCJA_ID, TEAM_ID, KLUB_ID, NAZWA, DATA_URODZENIA, WZROST) VALUES (455, 4, 22, 262, 'TEJADA Luis', '1982-03-28', 183);
INSERT INTO ZAWODNIK (ID,POZYCJA_ID, TEAM_ID, KLUB_ID, NAZWA, DATA_URODZENIA, WZROST) VALUES (456, 3, 22, 179, 'Ricardo Avila', '1997-02-04', 182);
INSERT INTO ZAWODNIK (ID,POZYCJA_ID, TEAM_ID, KLUB_ID, NAZWA, DATA_URODZENIA, WZROST) VALUES (457, 3, 22, 248, 'GODOY Anibal', '1990-02-10', 183);
INSERT INTO ZAWODNIK (ID,POZYCJA_ID, TEAM_ID, KLUB_ID, NAZWA, DATA_URODZENIA, WZROST) VALUES (458, 3, 22, 179, 'RODRIGUEZ Jose Luis', '1998-06-19', 180);
INSERT INTO ZAWODNIK (ID,POZYCJA_ID, TEAM_ID, KLUB_ID, NAZWA, DATA_URODZENIA, WZROST) VALUES (459, 1, 22, 247, 'RODRIGUEZ Alex', '1990-08-05', 197);
INSERT INTO ZAWODNIK (ID,POZYCJA_ID, TEAM_ID, KLUB_ID, NAZWA, DATA_URODZENIA, WZROST) VALUES (460, 2, 22, 89, 'BALOY Felipe', '1981-02-24', 185);
INSERT INTO ZAWODNIK (ID,POZYCJA_ID, TEAM_ID, KLUB_ID, NAZWA, DATA_URODZENIA, WZROST) VALUES (461, 1, 23, 65, 'GALLESE Pedro', '1990-02-23', 189);
INSERT INTO ZAWODNIK (ID,POZYCJA_ID, TEAM_ID, KLUB_ID, NAZWA, DATA_URODZENIA, WZROST) VALUES (462, 2, 23, 37, 'RODRIGUEZ Alberto', '1984-03-31', 179);
INSERT INTO ZAWODNIK (ID,POZYCJA_ID, TEAM_ID, KLUB_ID, NAZWA, DATA_URODZENIA, WZROST) VALUES (463, 2, 23, 287, 'CORZO Aldo', '1989-05-20', 172);
INSERT INTO ZAWODNIK (ID,POZYCJA_ID, TEAM_ID, KLUB_ID, NAZWA, DATA_URODZENIA, WZROST) VALUES (464, 2, 23, 230, 'SANTAMARIA Anderso', '1992-01-10', 183);
INSERT INTO ZAWODNIK (ID,POZYCJA_ID, TEAM_ID, KLUB_ID, NAZWA, DATA_URODZENIA, WZROST) VALUES (465, 2, 23, 25, 'ARAUJO Miguel', '1994-10-24', 178);
INSERT INTO ZAWODNIK (ID,POZYCJA_ID, TEAM_ID, KLUB_ID, NAZWA, DATA_URODZENIA, WZROST) VALUES (466, 2, 23, 81, 'TRAUCO Miguel', '1992-08-25', 169);
INSERT INTO ZAWODNIK (ID,POZYCJA_ID, TEAM_ID, KLUB_ID, NAZWA, DATA_URODZENIA, WZROST) VALUES (467, 3, 23, 300, 'HURTADO Paolo', '1990-07-27', 174);
INSERT INTO ZAWODNIK (ID,POZYCJA_ID, TEAM_ID, KLUB_ID, NAZWA, DATA_URODZENIA, WZROST) VALUES (468, 3, 23, 250, 'CUEVA Christia', '1991-11-23', 169);
INSERT INTO ZAWODNIK (ID,POZYCJA_ID, TEAM_ID, KLUB_ID, NAZWA, DATA_URODZENIA, WZROST) VALUES (469, 4, 23, 81, 'GUERRERO Paolo', '1984-01-01', 185);
INSERT INTO ZAWODNIK (ID,POZYCJA_ID, TEAM_ID, KLUB_ID, NAZWA, DATA_URODZENIA, WZROST) VALUES (470, 4, 23, 123, 'FARFAN Jefferso', '1984-10-26', 177);
INSERT INTO ZAWODNIK (ID,POZYCJA_ID, TEAM_ID, KLUB_ID, NAZWA, DATA_URODZENIA, WZROST) VALUES (471, 4, 23, 55, 'RUIDIAZ Raul', '1990-07-25', 169);
INSERT INTO ZAWODNIK (ID,POZYCJA_ID, TEAM_ID, KLUB_ID, NAZWA, DATA_URODZENIA, WZROST) VALUES (472, 1, 23, 96, 'CACEDA Carlos', '1991-09-27', 184);
INSERT INTO ZAWODNIK (ID,POZYCJA_ID, TEAM_ID, KLUB_ID, NAZWA, DATA_URODZENIA, WZROST) VALUES (473, 3, 23, 140, 'TAPIA Renato', '1995-07-28', 185);
INSERT INTO ZAWODNIK (ID,POZYCJA_ID, TEAM_ID, KLUB_ID, NAZWA, DATA_URODZENIA, WZROST) VALUES (474, 3, 23, 228, 'POLO Andy', '1994-09-29', 174);
INSERT INTO ZAWODNIK (ID,POZYCJA_ID, TEAM_ID, KLUB_ID, NAZWA, DATA_URODZENIA, WZROST) VALUES (475, 2, 23, 65, 'RAMOS Christia', '1988-11-04', 182);
INSERT INTO ZAWODNIK (ID,POZYCJA_ID, TEAM_ID, KLUB_ID, NAZWA, DATA_URODZENIA, WZROST) VALUES (476, 3, 23, 65, 'CARTAGENA Wilder', '1994-09-23', 179);
INSERT INTO ZAWODNIK (ID,POZYCJA_ID, TEAM_ID, KLUB_ID, NAZWA, DATA_URODZENIA, WZROST) VALUES (477, 2, 23, 202, 'ADVINCULA Luis', '1990-03-02', 178);
INSERT INTO ZAWODNIK (ID,POZYCJA_ID, TEAM_ID, KLUB_ID, NAZWA, DATA_URODZENIA, WZROST) VALUES (478, 4, 23, 301, 'CARRILLO Andre', '1991-06-14', 182);
INSERT INTO ZAWODNIK (ID,POZYCJA_ID, TEAM_ID, KLUB_ID, NAZWA, DATA_URODZENIA, WZROST) VALUES (479, 3, 23, 221, 'YOTUN Yoshimar', '1990-04-07', 172);
INSERT INTO ZAWODNIK (ID,POZYCJA_ID, TEAM_ID, KLUB_ID, NAZWA, DATA_URODZENIA, WZROST) VALUES (480, 4, 23, 2, 'FLORES Ediso', '1994-05-14', 170);
INSERT INTO ZAWODNIK (ID,POZYCJA_ID, TEAM_ID, KLUB_ID, NAZWA, DATA_URODZENIA, WZROST) VALUES (481, 1, 23, 286, 'CARVALLO Jose', '1986-03-01', 182);
INSERT INTO ZAWODNIK (ID,POZYCJA_ID, TEAM_ID, KLUB_ID, NAZWA, DATA_URODZENIA, WZROST) VALUES (482, 2, 23, 109, 'LOYOLA Nilso', '1994-10-26', 179);
INSERT INTO ZAWODNIK (ID,POZYCJA_ID, TEAM_ID, KLUB_ID, NAZWA, DATA_URODZENIA, WZROST) VALUES (483, 3, 23, 202, 'AQUINO Pedro', '1995-04-13', 174);
INSERT INTO ZAWODNIK (ID,POZYCJA_ID, TEAM_ID, KLUB_ID, NAZWA, DATA_URODZENIA, WZROST) VALUES (484, 1, 24, 178, 'SZCZESNY Wojciech', '1990-04-18', 195);
INSERT INTO ZAWODNIK (ID,POZYCJA_ID, TEAM_ID, KLUB_ID, NAZWA, DATA_URODZENIA, WZROST) VALUES (485, 2, 24, 196, 'PAZDAN Michal', '1987-09-21', 181);
INSERT INTO ZAWODNIK (ID,POZYCJA_ID, TEAM_ID, KLUB_ID, NAZWA, DATA_URODZENIA, WZROST) VALUES (486, 2, 24, 196, 'JEDRZEJCZYK Artur', '1987-11-04', 189);
INSERT INTO ZAWODNIK (ID,POZYCJA_ID, TEAM_ID, KLUB_ID, NAZWA, DATA_URODZENIA, WZROST) VALUES (487, 2, 24, 261, 'CIONEK Thiago', '1986-04-21', 184);
INSERT INTO ZAWODNIK (ID,POZYCJA_ID, TEAM_ID, KLUB_ID, NAZWA, DATA_URODZENIA, WZROST) VALUES (488, 2, 24, 260, 'BEDNAREK Ja', '1996-04-12', 189);
INSERT INTO ZAWODNIK (ID,POZYCJA_ID, TEAM_ID, KLUB_ID, NAZWA, DATA_URODZENIA, WZROST) VALUES (489, 3, 24, 226, 'GORALSKI Jacek', '1992-09-21', 172);
INSERT INTO ZAWODNIK (ID,POZYCJA_ID, TEAM_ID, KLUB_ID, NAZWA, DATA_URODZENIA, WZROST) VALUES (490, 4, 24, 265, 'MILIK Arkadiusz', '1994-02-28', 186);
INSERT INTO ZAWODNIK (ID,POZYCJA_ID, TEAM_ID, KLUB_ID, NAZWA, DATA_URODZENIA, WZROST) VALUES (491, 3, 24, 282, 'LINETTY Karol', '1995-02-02', 176);
INSERT INTO ZAWODNIK (ID,POZYCJA_ID, TEAM_ID, KLUB_ID, NAZWA, DATA_URODZENIA, WZROST) VALUES (492, 4, 24, 115, 'LEWANDOWSKI Robert', '1988-08-21', 185);
INSERT INTO ZAWODNIK (ID,POZYCJA_ID, TEAM_ID, KLUB_ID, NAZWA, DATA_URODZENIA, WZROST) VALUES (493, 3, 24, 302, 'KRYCHOWIAK Grzegorz', '1990-01-29', 186);
INSERT INTO ZAWODNIK (ID,POZYCJA_ID, TEAM_ID, KLUB_ID, NAZWA, DATA_URODZENIA, WZROST) VALUES (494, 3, 24, 169, 'GROSICKI Kamil', '1988-06-08', 180);
INSERT INTO ZAWODNIK (ID,POZYCJA_ID, TEAM_ID, KLUB_ID, NAZWA, DATA_URODZENIA, WZROST) VALUES (495, 1, 24, 173, 'BIALKOWSKI Bartosz', '1987-07-06', 194);
INSERT INTO ZAWODNIK (ID,POZYCJA_ID, TEAM_ID, KLUB_ID, NAZWA, DATA_URODZENIA, WZROST) VALUES (496, 3, 24, 123, 'RYBUS Maciej', '1989-08-19', 173);
INSERT INTO ZAWODNIK (ID,POZYCJA_ID, TEAM_ID, KLUB_ID, NAZWA, DATA_URODZENIA, WZROST) VALUES (497, 4, 24, 244, 'TEODORCZYK Lukasz', '1991-06-03', 185);
INSERT INTO ZAWODNIK (ID,POZYCJA_ID, TEAM_ID, KLUB_ID, NAZWA, DATA_URODZENIA, WZROST) VALUES (498, 2, 24, 30, 'GLIK Kamil', '1988-02-03', 190);
INSERT INTO ZAWODNIK (ID,POZYCJA_ID, TEAM_ID, KLUB_ID, NAZWA, DATA_URODZENIA, WZROST) VALUES (499, 3, 24, 297, 'BLASZCZYKOWSKI Jakub', '1985-12-14', 175);
INSERT INTO ZAWODNIK (ID,POZYCJA_ID, TEAM_ID, KLUB_ID, NAZWA, DATA_URODZENIA, WZROST) VALUES (500, 3, 24, 194, 'PESZKO Slawomir', '1985-02-19', 173);
INSERT INTO ZAWODNIK (ID,POZYCJA_ID, TEAM_ID, KLUB_ID, NAZWA, DATA_URODZENIA, WZROST) VALUES (501, 2, 24, 282, 'BERESZYNSKI Bartosz', '1992-07-12', 182);
INSERT INTO ZAWODNIK (ID,POZYCJA_ID, TEAM_ID, KLUB_ID, NAZWA, DATA_URODZENIA, WZROST) VALUES (502, 3, 24, 265, 'ZIELINSKI Piotr', '1994-05-20', 177);
INSERT INTO ZAWODNIK (ID,POZYCJA_ID, TEAM_ID, KLUB_ID, NAZWA, DATA_URODZENIA, WZROST) VALUES (503, 2, 24, 46, 'PISZCZEK Lukasz', '1985-06-03', 184);
INSERT INTO ZAWODNIK (ID,POZYCJA_ID, TEAM_ID, KLUB_ID, NAZWA, DATA_URODZENIA, WZROST) VALUES (504, 3, 24, 153, 'KURZAWA Rafal', '1993-01-29', 182);
INSERT INTO ZAWODNIK (ID,POZYCJA_ID, TEAM_ID, KLUB_ID, NAZWA, DATA_URODZENIA, WZROST) VALUES (505, 1, 24, 273, 'FABIANSKI Lukasz', '1985-04-18', 190);
INSERT INTO ZAWODNIK (ID,POZYCJA_ID, TEAM_ID, KLUB_ID, NAZWA, DATA_URODZENIA, WZROST) VALUES (506, 4, 24, 282, 'KOWNACKI Dawid', '1997-03-14', 185);
INSERT INTO ZAWODNIK (ID,POZYCJA_ID, TEAM_ID, KLUB_ID, NAZWA, DATA_URODZENIA, WZROST) VALUES (507, 1, 25, 263, 'RUI PATRICIO', '1988-02-15', 189);
INSERT INTO ZAWODNIK (ID,POZYCJA_ID, TEAM_ID, KLUB_ID, NAZWA, DATA_URODZENIA, WZROST) VALUES (508, 2, 25, 234, 'BRUNO ALVES', '1981-11-27', 187);
INSERT INTO ZAWODNIK (ID,POZYCJA_ID, TEAM_ID, KLUB_ID, NAZWA, DATA_URODZENIA, WZROST) VALUES (509, 2, 25, 43, 'PEPE', '1983-02-26', 188);
INSERT INTO ZAWODNIK (ID,POZYCJA_ID, TEAM_ID, KLUB_ID, NAZWA, DATA_URODZENIA, WZROST) VALUES (510, 3, 25, 123, 'MANUEL FERNANDES', '1986-02-05', 174);
INSERT INTO ZAWODNIK (ID,POZYCJA_ID, TEAM_ID, KLUB_ID, NAZWA, DATA_URODZENIA, WZROST) VALUES (511, 2, 25, 46, 'RAPHAEL GUERREIRO', '1993-12-22', 170);
INSERT INTO ZAWODNIK (ID,POZYCJA_ID, TEAM_ID, KLUB_ID, NAZWA, DATA_URODZENIA, WZROST) VALUES (512, 2, 25, 93, 'JOSE FONTE', '1983-12-22', 191);
INSERT INTO ZAWODNIK (ID,POZYCJA_ID, TEAM_ID, KLUB_ID, NAZWA, DATA_URODZENIA, WZROST) VALUES (513, 4, 25, 239, 'CRISTIANO RONALDO', '1985-02-05', 185);
INSERT INTO ZAWODNIK (ID,POZYCJA_ID, TEAM_ID, KLUB_ID, NAZWA, DATA_URODZENIA, WZROST) VALUES (514, 3, 25, 30, 'JOAO MOUTINHO', '1986-09-08', 170);
INSERT INTO ZAWODNIK (ID,POZYCJA_ID, TEAM_ID, KLUB_ID, NAZWA, DATA_URODZENIA, WZROST) VALUES (515, 4, 25, 5, 'ANDRE SILVA', '1995-11-06', 184);
INSERT INTO ZAWODNIK (ID,POZYCJA_ID, TEAM_ID, KLUB_ID, NAZWA, DATA_URODZENIA, WZROST) VALUES (516, 3, 25, 303, 'JOAO MARIO', '1993-01-19', 179);
INSERT INTO ZAWODNIK (ID,POZYCJA_ID, TEAM_ID, KLUB_ID, NAZWA, DATA_URODZENIA, WZROST) VALUES (517, 3, 25, 207, 'BERNARDO SILVA', '1994-08-10', 173);
INSERT INTO ZAWODNIK (ID,POZYCJA_ID, TEAM_ID, KLUB_ID, NAZWA, DATA_URODZENIA, WZROST) VALUES (518, 1, 25, 219, 'ANTHONY LOPES', '1990-10-01', 184);
INSERT INTO ZAWODNIK (ID,POZYCJA_ID, TEAM_ID, KLUB_ID, NAZWA, DATA_URODZENIA, WZROST) VALUES (519, 2, 25, 258, 'RUBEN DIAS', '1997-05-14', 187);
INSERT INTO ZAWODNIK (ID,POZYCJA_ID, TEAM_ID, KLUB_ID, NAZWA, DATA_URODZENIA, WZROST) VALUES (520, 3, 25, 263, 'WILLIAM', '1992-04-07', 190);
INSERT INTO ZAWODNIK (ID,POZYCJA_ID, TEAM_ID, KLUB_ID, NAZWA, DATA_URODZENIA, WZROST) VALUES (521, 2, 25, 128, 'RICARDO', '1993-10-06', 174);
INSERT INTO ZAWODNIK (ID,POZYCJA_ID, TEAM_ID, KLUB_ID, NAZWA, DATA_URODZENIA, WZROST) VALUES (522, 3, 25, 263, 'BRUNO FERNANDES', '1994-09-08', 183);
INSERT INTO ZAWODNIK (ID,POZYCJA_ID, TEAM_ID, KLUB_ID, NAZWA, DATA_URODZENIA, WZROST) VALUES (523, 4, 25, 289, 'GONCALO GUEDES', '1996-11-29', 179);
INSERT INTO ZAWODNIK (ID,POZYCJA_ID, TEAM_ID, KLUB_ID, NAZWA, DATA_URODZENIA, WZROST) VALUES (524, 4, 25, 263, 'GELSON MARTINS', '1995-05-11', 173);
INSERT INTO ZAWODNIK (ID,POZYCJA_ID, TEAM_ID, KLUB_ID, NAZWA, DATA_URODZENIA, WZROST) VALUES (525, 2, 25, 265, 'MARIO RUI', '1991-05-27', 168);
INSERT INTO ZAWODNIK (ID,POZYCJA_ID, TEAM_ID, KLUB_ID, NAZWA, DATA_URODZENIA, WZROST) VALUES (526, 4, 25, 43, 'RICARDO QUARESMA', '1983-09-26', 175);
INSERT INTO ZAWODNIK (ID,POZYCJA_ID, TEAM_ID, KLUB_ID, NAZWA, DATA_URODZENIA, WZROST) VALUES (527, 2, 25, 260, 'CEDRIC', '1991-08-31', 172);
INSERT INTO ZAWODNIK (ID,POZYCJA_ID, TEAM_ID, KLUB_ID, NAZWA, DATA_URODZENIA, WZROST) VALUES (528, 1, 25, 154, 'BETO', '1982-05-01', 183);
INSERT INTO ZAWODNIK (ID,POZYCJA_ID, TEAM_ID, KLUB_ID, NAZWA, DATA_URODZENIA, WZROST) VALUES (529, 3, 25, 197, 'ADRIEN SILVA', '1989-03-15', 176);
INSERT INTO ZAWODNIK (ID,POZYCJA_ID, TEAM_ID, KLUB_ID, NAZWA, DATA_URODZENIA, WZROST) VALUES (530, 1, 26, 90, 'AKINFEEV Igor', '1986-04-08', 185);
INSERT INTO ZAWODNIK (ID,POZYCJA_ID, TEAM_ID, KLUB_ID, NAZWA, DATA_URODZENIA, WZROST) VALUES (531, 2, 26, 90, 'MARIO FERNANDES', '1990-09-19', 187);
INSERT INTO ZAWODNIK (ID,POZYCJA_ID, TEAM_ID, KLUB_ID, NAZWA, DATA_URODZENIA, WZROST) VALUES (532, 2, 26, 135, 'KUTEPOV Ilya', '1993-07-29', 190);
INSERT INTO ZAWODNIK (ID,POZYCJA_ID, TEAM_ID, KLUB_ID, NAZWA, DATA_URODZENIA, WZROST) VALUES (533, 2, 26, 90, 'IGNASHEVICH Sergey', '1979-07-14', 186);
INSERT INTO ZAWODNIK (ID,POZYCJA_ID, TEAM_ID, KLUB_ID, NAZWA, DATA_URODZENIA, WZROST) VALUES (534, 2, 26, 110, 'SEMENOV Andrey', '1989-03-24', 191);
INSERT INTO ZAWODNIK (ID,POZYCJA_ID, TEAM_ID, KLUB_ID, NAZWA, DATA_URODZENIA, WZROST) VALUES (535, 3, 26, 298, 'CHERYSHEV Denis', '1990-12-26', 173);
INSERT INTO ZAWODNIK (ID,POZYCJA_ID, TEAM_ID, KLUB_ID, NAZWA, DATA_URODZENIA, WZROST) VALUES (536, 3, 26, 138, 'KUZIAEV Daler', '1993-01-15', 182);
INSERT INTO ZAWODNIK (ID,POZYCJA_ID, TEAM_ID, KLUB_ID, NAZWA, DATA_URODZENIA, WZROST) VALUES (537, 3, 26, 121, 'GAZINSKY Iury', '1989-07-20', 180);
INSERT INTO ZAWODNIK (ID,POZYCJA_ID, TEAM_ID, KLUB_ID, NAZWA, DATA_URODZENIA, WZROST) VALUES (538, 3, 26, 90, 'DZAGOEV Ala', '1990-06-17', 178);
INSERT INTO ZAWODNIK (ID,POZYCJA_ID, TEAM_ID, KLUB_ID, NAZWA, DATA_URODZENIA, WZROST) VALUES (539, 4, 26, 121, 'SMOLOV Fedor', '1990-02-09', 185);
INSERT INTO ZAWODNIK (ID,POZYCJA_ID, TEAM_ID, KLUB_ID, NAZWA, DATA_URODZENIA, WZROST) VALUES (540, 3, 26, 135, 'ZOBNIN Roma', '1994-02-11', 185);
INSERT INTO ZAWODNIK (ID,POZYCJA_ID, TEAM_ID, KLUB_ID, NAZWA, DATA_URODZENIA, WZROST) VALUES (541, 1, 26, 138, 'LUNEV Andrei', '1991-11-13', 189);
INSERT INTO ZAWODNIK (ID,POZYCJA_ID, TEAM_ID, KLUB_ID, NAZWA, DATA_URODZENIA, WZROST) VALUES (542, 2, 26, 131, 'KUDRIASHOV Fedor', '1987-04-05', 187);
INSERT INTO ZAWODNIK (ID,POZYCJA_ID, TEAM_ID, KLUB_ID, NAZWA, DATA_URODZENIA, WZROST) VALUES (543, 2, 26, 131, 'GRANAT Vladimir', '1987-05-22', 184);
INSERT INTO ZAWODNIK (ID,POZYCJA_ID, TEAM_ID, KLUB_ID, NAZWA, DATA_URODZENIA, WZROST) VALUES (544, 3, 26, 123, 'MIRANCHUK Alexey', '1995-10-17', 185);
INSERT INTO ZAWODNIK (ID,POZYCJA_ID, TEAM_ID, KLUB_ID, NAZWA, DATA_URODZENIA, WZROST) VALUES (545, 3, 26, 123, 'MIRANCHUK Anto', '1995-10-17', 182);
INSERT INTO ZAWODNIK (ID,POZYCJA_ID, TEAM_ID, KLUB_ID, NAZWA, DATA_URODZENIA, WZROST) VALUES (546, 3, 26, 90, 'GOLOVIN Aleksandr', '1996-05-30', 178);
INSERT INTO ZAWODNIK (ID,POZYCJA_ID, TEAM_ID, KLUB_ID, NAZWA, DATA_URODZENIA, WZROST) VALUES (547, 3, 26, 138, 'ZHIRKOV Yury', '1983-08-20', 180);
INSERT INTO ZAWODNIK (ID,POZYCJA_ID, TEAM_ID, KLUB_ID, NAZWA, DATA_URODZENIA, WZROST) VALUES (548, 3, 26, 135, 'SAMEDOV Alexander', '1984-07-19', 178);
INSERT INTO ZAWODNIK (ID,POZYCJA_ID, TEAM_ID, KLUB_ID, NAZWA, DATA_URODZENIA, WZROST) VALUES (549, 1, 26, 79, 'GABULOV Vladimir', '1983-10-19', 190);
INSERT INTO ZAWODNIK (ID,POZYCJA_ID, TEAM_ID, KLUB_ID, NAZWA, DATA_URODZENIA, WZROST) VALUES (550, 3, 26, 138, 'EROKHIN Aleksandr', '1989-10-13', 191);
INSERT INTO ZAWODNIK (ID,POZYCJA_ID, TEAM_ID, KLUB_ID, NAZWA, DATA_URODZENIA, WZROST) VALUES (551, 4, 26, 111, 'DZYUBA Artem', '1988-08-22', 196);
INSERT INTO ZAWODNIK (ID,POZYCJA_ID, TEAM_ID, KLUB_ID, NAZWA, DATA_URODZENIA, WZROST) VALUES (552, 2, 26, 138, 'SMOLNIKOV Igor', '1988-08-08', 179);
INSERT INTO ZAWODNIK (ID,POZYCJA_ID, TEAM_ID, KLUB_ID, NAZWA, DATA_URODZENIA, WZROST) VALUES (553, 1, 2, 17, 'ABDULLAH ALMUAIOUF', '1987-01-23', 178);
INSERT INTO ZAWODNIK (ID,POZYCJA_ID, TEAM_ID, KLUB_ID, NAZWA, DATA_URODZENIA, WZROST) VALUES (554, 2, 2, 11, 'MANSOUR ALHARBI', '1987-10-19', 173);
INSERT INTO ZAWODNIK (ID,POZYCJA_ID, TEAM_ID, KLUB_ID, NAZWA, DATA_URODZENIA, WZROST) VALUES (555, 2, 2, 17, 'OSAMA HAWSAWI', '1984-03-31', 188);
INSERT INTO ZAWODNIK (ID,POZYCJA_ID, TEAM_ID, KLUB_ID, NAZWA, DATA_URODZENIA, WZROST) VALUES (556, 2, 2, 17, 'ALI ALBULAYHI', '1989-11-21', 182);
INSERT INTO ZAWODNIK (ID,POZYCJA_ID, TEAM_ID, KLUB_ID, NAZWA, DATA_URODZENIA, WZROST) VALUES (557, 2, 2, 20, 'OMAR OTHMA', '1985-09-27', 185);
INSERT INTO ZAWODNIK (ID,POZYCJA_ID, TEAM_ID, KLUB_ID, NAZWA, DATA_URODZENIA, WZROST) VALUES (558, 2, 2, 17, 'MOHAMMED ALBURAYK', '1992-09-15', 173);
INSERT INTO ZAWODNIK (ID,POZYCJA_ID, TEAM_ID, KLUB_ID, NAZWA, DATA_URODZENIA, WZROST) VALUES (559, 3, 2, 17, 'SALMAN ALFARAJ', '1989-08-01', 179);
INSERT INTO ZAWODNIK (ID,POZYCJA_ID, TEAM_ID, KLUB_ID, NAZWA, DATA_URODZENIA, WZROST) VALUES (560, 3, 2, 61, 'YAHIA ALSHEHRI', '1990-06-26', 165);
INSERT INTO ZAWODNIK (ID,POZYCJA_ID, TEAM_ID, KLUB_ID, NAZWA, DATA_URODZENIA, WZROST) VALUES (561, 3, 2, 23, 'HATAN BAHBIR', '1992-07-16', 170);
INSERT INTO ZAWODNIK (ID,POZYCJA_ID, TEAM_ID, KLUB_ID, NAZWA, DATA_URODZENIA, WZROST) VALUES (562, 4, 2, 20, 'MOHAMMED ALSAHLAWI', '1987-01-10', 179);
INSERT INTO ZAWODNIK (ID,POZYCJA_ID, TEAM_ID, KLUB_ID, NAZWA, DATA_URODZENIA, WZROST) VALUES (563, 3, 2, 17, 'ABDULMALEK ALKHAIBRI', '1986-03-13', 177);
INSERT INTO ZAWODNIK (ID,POZYCJA_ID, TEAM_ID, KLUB_ID, NAZWA, DATA_URODZENIA, WZROST) VALUES (564, 3, 2, 17, 'MOHAMED KANNO', '1994-09-22', 192);
INSERT INTO ZAWODNIK (ID,POZYCJA_ID, TEAM_ID, KLUB_ID, NAZWA, DATA_URODZENIA, WZROST) VALUES (565, 2, 2, 17, 'YASIR ALSHAHRANI', '1992-05-25', 170);
INSERT INTO ZAWODNIK (ID,POZYCJA_ID, TEAM_ID, KLUB_ID, NAZWA, DATA_URODZENIA, WZROST) VALUES (566, 3, 2, 17, 'ABDULLAH OTAYF', '1992-08-03', 177);
INSERT INTO ZAWODNIK (ID,POZYCJA_ID, TEAM_ID, KLUB_ID, NAZWA, DATA_URODZENIA, WZROST) VALUES (567, 3, 2, 23, 'ABDULLAH ALKHAIBARI', '1996-08-16', 175);
INSERT INTO ZAWODNIK (ID,POZYCJA_ID, TEAM_ID, KLUB_ID, NAZWA, DATA_URODZENIA, WZROST) VALUES (568, 3, 2, 11, 'HUSSAIN ALMOQAHWI', '1988-03-24', 174);
INSERT INTO ZAWODNIK (ID,POZYCJA_ID, TEAM_ID, KLUB_ID, NAZWA, DATA_URODZENIA, WZROST) VALUES (569, 3, 2, 11, 'TAISEER ALJASSAM', '1984-07-25', 169);
INSERT INTO ZAWODNIK (ID,POZYCJA_ID, TEAM_ID, KLUB_ID, NAZWA, DATA_URODZENIA, WZROST) VALUES (570, 3, 2, 298, 'SALEM ALDAWSARI', '1991-08-19', 174);
INSERT INTO ZAWODNIK (ID,POZYCJA_ID, TEAM_ID, KLUB_ID, NAZWA, DATA_URODZENIA, WZROST) VALUES (571, 4, 2, 198, 'FAHAD ALMUWALLAD', '1994-09-14', 168);
INSERT INTO ZAWODNIK (ID,POZYCJA_ID, TEAM_ID, KLUB_ID, NAZWA, DATA_URODZENIA, WZROST) VALUES (572, 4, 2, 11, 'MUHANNAD ASIRI', '1986-10-14', 185);
INSERT INTO ZAWODNIK (ID,POZYCJA_ID, TEAM_ID, KLUB_ID, NAZWA, DATA_URODZENIA, WZROST) VALUES (573, 1, 2, 11, 'YASSER ALMOSAILEM', '1984-02-27', 186);
INSERT INTO ZAWODNIK (ID,POZYCJA_ID, TEAM_ID, KLUB_ID, NAZWA, DATA_URODZENIA, WZROST) VALUES (574, 1, 2, 11, 'MOHAMMED ALOWAIS', '1991-10-10', 187);
INSERT INTO ZAWODNIK (ID,POZYCJA_ID, TEAM_ID, KLUB_ID, NAZWA, DATA_URODZENIA, WZROST) VALUES (575, 2, 2, 11, 'MOTAZ HAWSAWI', '1992-02-17', 180);
INSERT INTO ZAWODNIK (ID,POZYCJA_ID, TEAM_ID, KLUB_ID, NAZWA, DATA_URODZENIA, WZROST) VALUES (576, 1, 27, 266, 'DIALLO Abdoulaye', '1992-03-30', 189);
INSERT INTO ZAWODNIK (ID,POZYCJA_ID, TEAM_ID, KLUB_ID, NAZWA, DATA_URODZENIA, WZROST) VALUES (577, 2, 27, 290, 'CISS Saliou', '1989-06-15', 173);
INSERT INTO ZAWODNIK (ID,POZYCJA_ID, TEAM_ID, KLUB_ID, NAZWA, DATA_URODZENIA, WZROST) VALUES (578, 2, 27, 265, 'KOULIBALY Kalidou', '1991-06-20', 195);
INSERT INTO ZAWODNIK (ID,POZYCJA_ID, TEAM_ID, KLUB_ID, NAZWA, DATA_URODZENIA, WZROST) VALUES (579, 2, 27, 244, 'MBODJI Kara', '1989-11-22', 192);
INSERT INTO ZAWODNIK (ID,POZYCJA_ID, TEAM_ID, KLUB_ID, NAZWA, DATA_URODZENIA, WZROST) VALUES (580, 3, 27, 108, 'GUEYE Idrissa Gana', '1989-09-26', 174);
INSERT INTO ZAWODNIK (ID,POZYCJA_ID, TEAM_ID, KLUB_ID, NAZWA, DATA_URODZENIA, WZROST) VALUES (581, 3, 27, 159, 'SANE Salif', '1990-08-25', 196);
INSERT INTO ZAWODNIK (ID,POZYCJA_ID, TEAM_ID, KLUB_ID, NAZWA, DATA_URODZENIA, WZROST) VALUES (582, 4, 27, 52, 'SOW Moussa', '1986-01-19', 180);
INSERT INTO ZAWODNIK (ID,POZYCJA_ID, TEAM_ID, KLUB_ID, NAZWA, DATA_URODZENIA, WZROST) VALUES (583, 3, 27, 303, 'KOUYATE Cheikhou', '1989-12-21', 189);
INSERT INTO ZAWODNIK (ID,POZYCJA_ID, TEAM_ID, KLUB_ID, NAZWA, DATA_URODZENIA, WZROST) VALUES (584, 4, 27, 268, 'DIOUF Mame', '1987-12-16', 185);
INSERT INTO ZAWODNIK (ID,POZYCJA_ID, TEAM_ID, KLUB_ID, NAZWA, DATA_URODZENIA, WZROST) VALUES (585, 4, 27, 201, 'MANE Sadio', '1992-04-10', 175);
INSERT INTO ZAWODNIK (ID,POZYCJA_ID, TEAM_ID, KLUB_ID, NAZWA, DATA_URODZENIA, WZROST) VALUES (586, 3, 27, 44, 'NDOYE Cheikh', '1986-03-29', 192);
INSERT INTO ZAWODNIK (ID,POZYCJA_ID, TEAM_ID, KLUB_ID, NAZWA, DATA_URODZENIA, WZROST) VALUES (587, 2, 27, 118, 'SABALY Youssouf', '1993-03-05', 174);
INSERT INTO ZAWODNIK (ID,POZYCJA_ID, TEAM_ID, KLUB_ID, NAZWA, DATA_URODZENIA, WZROST) VALUES (588, 3, 27, 305, 'NDIAYE Alfred', '1990-03-06', 186);
INSERT INTO ZAWODNIK (ID,POZYCJA_ID, TEAM_ID, KLUB_ID, NAZWA, DATA_URODZENIA, WZROST) VALUES (589, 4, 27, 27, 'KONATE Moussa', '1993-04-03', 180);
INSERT INTO ZAWODNIK (ID,POZYCJA_ID, TEAM_ID, KLUB_ID, NAZWA, DATA_URODZENIA, WZROST) VALUES (590, 4, 27, 266, 'SAKHO Diafra', '1989-12-24', 184);
INSERT INTO ZAWODNIK (ID,POZYCJA_ID, TEAM_ID, KLUB_ID, NAZWA, DATA_URODZENIA, WZROST) VALUES (591, 1, 27, 166, 'NDIAYE Khadim', '1985-04-05', 185);
INSERT INTO ZAWODNIK (ID,POZYCJA_ID, TEAM_ID, KLUB_ID, NAZWA, DATA_URODZENIA, WZROST) VALUES (592, 3, 27, 268, 'NDIAYE Pape Alioune', '1990-10-27', 181);
INSERT INTO ZAWODNIK (ID,POZYCJA_ID, TEAM_ID, KLUB_ID, NAZWA, DATA_URODZENIA, WZROST) VALUES (593, 4, 27, 266, 'SARR Ismaila', '1998-02-25', 175);
INSERT INTO ZAWODNIK (ID,POZYCJA_ID, TEAM_ID, KLUB_ID, NAZWA, DATA_URODZENIA, WZROST) VALUES (594, 4, 27, 277, 'NIANG Mbaye', '1994-12-19', 184);
INSERT INTO ZAWODNIK (ID,POZYCJA_ID, TEAM_ID, KLUB_ID, NAZWA, DATA_URODZENIA, WZROST) VALUES (595, 4, 27, 30, 'BALDE Keita', '1995-03-08', 181);
INSERT INTO ZAWODNIK (ID,POZYCJA_ID, TEAM_ID, KLUB_ID, NAZWA, DATA_URODZENIA, WZROST) VALUES (596, 2, 27, 7, 'GASSAMA Lamine', '1989-10-20', 181);
INSERT INTO ZAWODNIK (ID,POZYCJA_ID, TEAM_ID, KLUB_ID, NAZWA, DATA_URODZENIA, WZROST) VALUES (597, 2, 27, 181, 'WAGUE Moussa', '1998-10-04', 177);
INSERT INTO ZAWODNIK (ID,POZYCJA_ID, TEAM_ID, KLUB_ID, NAZWA, DATA_URODZENIA, WZROST) VALUES (598, 1, 27, 261, 'GOMIS Alfred', '1993-09-05', 196);
INSERT INTO ZAWODNIK (ID,POZYCJA_ID, TEAM_ID, KLUB_ID, NAZWA, DATA_URODZENIA, WZROST) VALUES (599, 1, 28, 143, 'STOJKOVIC Vladimir', '1983-07-28', 195);
INSERT INTO ZAWODNIK (ID,POZYCJA_ID, TEAM_ID, KLUB_ID, NAZWA, DATA_URODZENIA, WZROST) VALUES (600, 2, 28, 298, 'RUKAVINA Antonio', '1984-01-26', 177);
INSERT INTO ZAWODNIK (ID,POZYCJA_ID, TEAM_ID, KLUB_ID, NAZWA, DATA_URODZENIA, WZROST) VALUES (601, 2, 28, 43, 'TOSIC Dusko', '1985-01-19', 185);
INSERT INTO ZAWODNIK (ID,POZYCJA_ID, TEAM_ID, KLUB_ID, NAZWA, DATA_URODZENIA, WZROST) VALUES (602, 3, 28, 85, 'MILIVOJEVIC Luka', '1991-04-07', 186);
INSERT INTO ZAWODNIK (ID,POZYCJA_ID, TEAM_ID, KLUB_ID, NAZWA, DATA_URODZENIA, WZROST) VALUES (603, 2, 28, 244, 'SPAJIC Uros', '1993-02-13', 188);
INSERT INTO ZAWODNIK (ID,POZYCJA_ID, TEAM_ID, KLUB_ID, NAZWA, DATA_URODZENIA, WZROST) VALUES (604, 2, 28, 138, 'IVANOVIC Branislav', '1984-02-22', 185);
INSERT INTO ZAWODNIK (ID,POZYCJA_ID, TEAM_ID, KLUB_ID, NAZWA, DATA_URODZENIA, WZROST) VALUES (605, 3, 28, 258, 'ZIVKOVIC Andrija', '1996-07-11', 169);
INSERT INTO ZAWODNIK (ID,POZYCJA_ID, TEAM_ID, KLUB_ID, NAZWA, DATA_URODZENIA, WZROST) VALUES (606, 4, 28, 223, 'PRIJOVIC Aleksandar', '1990-04-21', 191);
INSERT INTO ZAWODNIK (ID,POZYCJA_ID, TEAM_ID, KLUB_ID, NAZWA, DATA_URODZENIA, WZROST) VALUES (607, 4, 28, 146, 'MITROVIC Aleksandar', '1994-09-16', 189);
INSERT INTO ZAWODNIK (ID,POZYCJA_ID, TEAM_ID, KLUB_ID, NAZWA, DATA_URODZENIA, WZROST) VALUES (608, 3, 28, 260, 'TADIC Dusa', '1988-11-20', 181);
INSERT INTO ZAWODNIK (ID,POZYCJA_ID, TEAM_ID, KLUB_ID, NAZWA, DATA_URODZENIA, WZROST) VALUES (609, 2, 28, 31, 'KOLAROV Aleksandar', '1985-11-10', 187);
INSERT INTO ZAWODNIK (ID,POZYCJA_ID, TEAM_ID, KLUB_ID, NAZWA, DATA_URODZENIA, WZROST) VALUES (610, 1, 28, 204, 'RAJKOVIC Predrag', '1995-10-31', 191);
INSERT INTO ZAWODNIK (ID,POZYCJA_ID, TEAM_ID, KLUB_ID, NAZWA, DATA_URODZENIA, WZROST) VALUES (611, 2, 28, 272, 'VELJKOVIC Milos', '1995-09-26', 188);
INSERT INTO ZAWODNIK (ID,POZYCJA_ID, TEAM_ID, KLUB_ID, NAZWA, DATA_URODZENIA, WZROST) VALUES (612, 2, 28, 142, 'RODIC Mila', '1991-04-02', 185);
INSERT INTO ZAWODNIK (ID,POZYCJA_ID, TEAM_ID, KLUB_ID, NAZWA, DATA_URODZENIA, WZROST) VALUES (613, 2, 28, 6, 'MILENKOVIC Nikola', '1997-10-12', 195);
INSERT INTO ZAWODNIK (ID,POZYCJA_ID, TEAM_ID, KLUB_ID, NAZWA, DATA_URODZENIA, WZROST) VALUES (614, 3, 28, 59, 'GRUJIC Marko', '1996-04-13', 190);
INSERT INTO ZAWODNIK (ID,POZYCJA_ID, TEAM_ID, KLUB_ID, NAZWA, DATA_URODZENIA, WZROST) VALUES (615, 3, 28, 158, 'KOSTIC Filip', '1992-11-01', 184);
INSERT INTO ZAWODNIK (ID,POZYCJA_ID, TEAM_ID, KLUB_ID, NAZWA, DATA_URODZENIA, WZROST) VALUES (616, 4, 28, 142, 'RADONJIC Nemanja', '1996-02-15', 185);
INSERT INTO ZAWODNIK (ID,POZYCJA_ID, TEAM_ID, KLUB_ID, NAZWA, DATA_URODZENIA, WZROST) VALUES (617, 4, 28, 102, 'JOVIC Luka', '1997-12-23', 181);
INSERT INTO ZAWODNIK (ID,POZYCJA_ID, TEAM_ID, KLUB_ID, NAZWA, DATA_URODZENIA, WZROST) VALUES (618, 3, 28, 264, 'MILINKOVIC-SAVIC Sergej', '1995-02-27', 192);
INSERT INTO ZAWODNIK (ID,POZYCJA_ID, TEAM_ID, KLUB_ID, NAZWA, DATA_URODZENIA, WZROST) VALUES (619, 3, 28, 208, 'MATIC Nemanja', '1988-08-01', 194);
INSERT INTO ZAWODNIK (ID,POZYCJA_ID, TEAM_ID, KLUB_ID, NAZWA, DATA_URODZENIA, WZROST) VALUES (620, 3, 28, 277, 'LJAJIC Adem', '1991-09-29', 182);
INSERT INTO ZAWODNIK (ID,POZYCJA_ID, TEAM_ID, KLUB_ID, NAZWA, DATA_URODZENIA, WZROST) VALUES (621, 1, 28, 253, 'DMITROVIC Marko', '1992-01-24', 194);
INSERT INTO ZAWODNIK (ID,POZYCJA_ID, TEAM_ID, KLUB_ID, NAZWA, DATA_URODZENIA, WZROST) VALUES (622, 1, 11, 208, 'DE GEA David', '1990-11-07', 190);
INSERT INTO ZAWODNIK (ID,POZYCJA_ID, TEAM_ID, KLUB_ID, NAZWA, DATA_URODZENIA, WZROST) VALUES (623, 2, 11, 239, 'CARVAJAL Dani', '1992-01-11', 173);
INSERT INTO ZAWODNIK (ID,POZYCJA_ID, TEAM_ID, KLUB_ID, NAZWA, DATA_URODZENIA, WZROST) VALUES (624, 2, 11, 113, 'PIQUE Gerard', '1987-02-02', 194);
INSERT INTO ZAWODNIK (ID,POZYCJA_ID, TEAM_ID, KLUB_ID, NAZWA, DATA_URODZENIA, WZROST) VALUES (625, 2, 11, 239, 'NACHO Fernandez', '1990-01-18', 179);
INSERT INTO ZAWODNIK (ID,POZYCJA_ID, TEAM_ID, KLUB_ID, NAZWA, DATA_URODZENIA, WZROST) VALUES (626, 3, 11, 113, 'BUSQUETS Sergio', '1988-07-16', 189);
INSERT INTO ZAWODNIK (ID,POZYCJA_ID, TEAM_ID, KLUB_ID, NAZWA, DATA_URODZENIA, WZROST) VALUES (627, 3, 11, 113, 'INIESTA Andres', '1984-05-11', 171);
INSERT INTO ZAWODNIK (ID,POZYCJA_ID, TEAM_ID, KLUB_ID, NAZWA, DATA_URODZENIA, WZROST) VALUES (628, 3, 11, 38, 'SAUL', '1994-11-21', 183);
INSERT INTO ZAWODNIK (ID,POZYCJA_ID, TEAM_ID, KLUB_ID, NAZWA, DATA_URODZENIA, WZROST) VALUES (629, 3, 11, 38, 'KOKE', '1992-01-08', 176);
INSERT INTO ZAWODNIK (ID,POZYCJA_ID, TEAM_ID, KLUB_ID, NAZWA, DATA_URODZENIA, WZROST) VALUES (630, 4, 11, 289, 'RODRIGO', '1991-03-06', 182);
INSERT INTO ZAWODNIK (ID,POZYCJA_ID, TEAM_ID, KLUB_ID, NAZWA, DATA_URODZENIA, WZROST) VALUES (631, 3, 11, 115, 'THIAGO', '1991-04-11', 174);
INSERT INTO ZAWODNIK (ID,POZYCJA_ID, TEAM_ID, KLUB_ID, NAZWA, DATA_URODZENIA, WZROST) VALUES (632, 4, 11, 239, 'VAZQUEZ Lucas', '1991-07-01', 173);
INSERT INTO ZAWODNIK (ID,POZYCJA_ID, TEAM_ID, KLUB_ID, NAZWA, DATA_URODZENIA, WZROST) VALUES (633, 2, 11, 240, 'ODRIOZOLA Alvaro', '1995-12-14', 178);
INSERT INTO ZAWODNIK (ID,POZYCJA_ID, TEAM_ID, KLUB_ID, NAZWA, DATA_URODZENIA, WZROST) VALUES (634, 1, 11, 35, 'ARRIZABALAGA Kepa', '1994-10-03', 189);
INSERT INTO ZAWODNIK (ID,POZYCJA_ID, TEAM_ID, KLUB_ID, NAZWA, DATA_URODZENIA, WZROST) VALUES (635, 2, 11, 74, 'AZPILICUETA Cesar', '1989-08-28', 178);
INSERT INTO ZAWODNIK (ID,POZYCJA_ID, TEAM_ID, KLUB_ID, NAZWA, DATA_URODZENIA, WZROST) VALUES (636, 2, 11, 239, 'RAMOS Sergio', '1986-03-30', 183);
INSERT INTO ZAWODNIK (ID,POZYCJA_ID, TEAM_ID, KLUB_ID, NAZWA, DATA_URODZENIA, WZROST) VALUES (637, 2, 11, 29, 'MONREAL Nacho', '1986-02-26', 179);
INSERT INTO ZAWODNIK (ID,POZYCJA_ID, TEAM_ID, KLUB_ID, NAZWA, DATA_URODZENIA, WZROST) VALUES (638, 4, 11, 66, 'ASPAS Iago', '1987-08-01', 176);
INSERT INTO ZAWODNIK (ID,POZYCJA_ID, TEAM_ID, KLUB_ID, NAZWA, DATA_URODZENIA, WZROST) VALUES (639, 2, 11, 113, 'ALBA Jordi', '1989-03-21', 170);
INSERT INTO ZAWODNIK (ID,POZYCJA_ID, TEAM_ID, KLUB_ID, NAZWA, DATA_URODZENIA, WZROST) VALUES (640, 4, 11, 38, 'COSTA Diego', '1988-10-07', 185);
INSERT INTO ZAWODNIK (ID,POZYCJA_ID, TEAM_ID, KLUB_ID, NAZWA, DATA_URODZENIA, WZROST) VALUES (641, 3, 11, 239, 'ASENSIO Marco', '1996-01-21', 182);
INSERT INTO ZAWODNIK (ID,POZYCJA_ID, TEAM_ID, KLUB_ID, NAZWA, DATA_URODZENIA, WZROST) VALUES (642, 4, 11, 207, 'SILVA David', '1986-01-08', 170);
INSERT INTO ZAWODNIK (ID,POZYCJA_ID, TEAM_ID, KLUB_ID, NAZWA, DATA_URODZENIA, WZROST) VALUES (643, 3, 11, 239, 'ISCO', '1992-04-21', 176);
INSERT INTO ZAWODNIK (ID,POZYCJA_ID, TEAM_ID, KLUB_ID, NAZWA, DATA_URODZENIA, WZROST) VALUES (644, 1, 11, 265, 'REINA Pepe', '1982-08-31', 188);
INSERT INTO ZAWODNIK (ID,POZYCJA_ID, TEAM_ID, KLUB_ID, NAZWA, DATA_URODZENIA, WZROST) VALUES (645, 1, 30, 120, 'OLSEN Robi', '1990-01-08', 198);
INSERT INTO ZAWODNIK (ID,POZYCJA_ID, TEAM_ID, KLUB_ID, NAZWA, DATA_URODZENIA, WZROST) VALUES (646, 2, 30, 67, 'LUSTIG Mikael', '1986-12-13', 189);
INSERT INTO ZAWODNIK (ID,POZYCJA_ID, TEAM_ID, KLUB_ID, NAZWA, DATA_URODZENIA, WZROST) VALUES (647, 2, 30, 208, 'LINDELOF Victor', '1994-07-17', 187);
INSERT INTO ZAWODNIK (ID,POZYCJA_ID, TEAM_ID, KLUB_ID, NAZWA, DATA_URODZENIA, WZROST) VALUES (648, 2, 30, 121, 'GRANQVIST Andreas', '1985-04-16', 192);
INSERT INTO ZAWODNIK (ID,POZYCJA_ID, TEAM_ID, KLUB_ID, NAZWA, DATA_URODZENIA, WZROST) VALUES (649, 2, 30, 273, 'OLSSON Marti', '1988-05-17', 177);
INSERT INTO ZAWODNIK (ID,POZYCJA_ID, TEAM_ID, KLUB_ID, NAZWA, DATA_URODZENIA, WZROST) VALUES (650, 2, 30, 272, 'AUGUSTINSSON Ludwig', '1994-04-21', 181);
INSERT INTO ZAWODNIK (ID,POZYCJA_ID, TEAM_ID, KLUB_ID, NAZWA, DATA_URODZENIA, WZROST) VALUES (651, 3, 30, 169, 'LARSSON Sebastia', '1985-06-06', 178);
INSERT INTO ZAWODNIK (ID,POZYCJA_ID, TEAM_ID, KLUB_ID, NAZWA, DATA_URODZENIA, WZROST) VALUES (652, 3, 30, 158, 'EKDAL Albi', '1989-07-28', 186);
INSERT INTO ZAWODNIK (ID,POZYCJA_ID, TEAM_ID, KLUB_ID, NAZWA, DATA_URODZENIA, WZROST) VALUES (653, 4, 30, 13, 'BERG Marcus', '1986-08-17', 183);
INSERT INTO ZAWODNIK (ID,POZYCJA_ID, TEAM_ID, KLUB_ID, NAZWA, DATA_URODZENIA, WZROST) VALUES (654, 3, 30, 235, 'FORSBERG Emil', '1991-10-23', 179);
INSERT INTO ZAWODNIK (ID,POZYCJA_ID, TEAM_ID, KLUB_ID, NAZWA, DATA_URODZENIA, WZROST) VALUES (655, 4, 30, 94, 'GUIDETTI Joh', '1992-04-15', 185);
INSERT INTO ZAWODNIK (ID,POZYCJA_ID, TEAM_ID, KLUB_ID, NAZWA, DATA_URODZENIA, WZROST) VALUES (656, 1, 30, 101, 'JOHNSSON Karl-Joha', '1990-01-28', 187);
INSERT INTO ZAWODNIK (ID,POZYCJA_ID, TEAM_ID, KLUB_ID, NAZWA, DATA_URODZENIA, WZROST) VALUES (657, 3, 30, 255, 'SVENSSON Gustav', '1987-02-07', 183);
INSERT INTO ZAWODNIK (ID,POZYCJA_ID, TEAM_ID, KLUB_ID, NAZWA, DATA_URODZENIA, WZROST) VALUES (658, 2, 30, 45, 'HELANDER Filip', '1993-04-22', 192);
INSERT INTO ZAWODNIK (ID,POZYCJA_ID, TEAM_ID, KLUB_ID, NAZWA, DATA_URODZENIA, WZROST) VALUES (659, 3, 30, 149, 'HILJEMARK Oscar', '1992-06-28', 184);
INSERT INTO ZAWODNIK (ID,POZYCJA_ID, TEAM_ID, KLUB_ID, NAZWA, DATA_URODZENIA, WZROST) VALUES (660, 2, 30, 45, 'KRAFTH Emil', '1994-08-02', 181);
INSERT INTO ZAWODNIK (ID,POZYCJA_ID, TEAM_ID, KLUB_ID, NAZWA, DATA_URODZENIA, WZROST) VALUES (661, 3, 30, 121, 'CLAESSON Viktor', '1992-01-02', 183);
INSERT INTO ZAWODNIK (ID,POZYCJA_ID, TEAM_ID, KLUB_ID, NAZWA, DATA_URODZENIA, WZROST) VALUES (662, 2, 30, 195, 'JANSSON Pontus', '1991-02-13', 194);
INSERT INTO ZAWODNIK (ID,POZYCJA_ID, TEAM_ID, KLUB_ID, NAZWA, DATA_URODZENIA, WZROST) VALUES (663, 3, 30, 116, 'ROHDEN Marcus', '1991-05-11', 182);
INSERT INTO ZAWODNIK (ID,POZYCJA_ID, TEAM_ID, KLUB_ID, NAZWA, DATA_URODZENIA, WZROST) VALUES (664, 4, 30, 279, 'TOIVONEN Ola', '1986-07-03', 192);
INSERT INTO ZAWODNIK (ID,POZYCJA_ID, TEAM_ID, KLUB_ID, NAZWA, DATA_URODZENIA, WZROST) VALUES (665, 3, 30, 279, 'DURMAZ Jimmy', '1989-03-22', 180);
INSERT INTO ZAWODNIK (ID,POZYCJA_ID, TEAM_ID, KLUB_ID, NAZWA, DATA_URODZENIA, WZROST) VALUES (666, 4, 30, 190, 'THELIN Isaac Kiese', '1992-06-24', 189);
INSERT INTO ZAWODNIK (ID,POZYCJA_ID, TEAM_ID, KLUB_ID, NAZWA, DATA_URODZENIA, WZROST) VALUES (667, 1, 30, 273, 'NORDFELDT Kristoffer', '1989-06-23', 190);
INSERT INTO ZAWODNIK (ID,POZYCJA_ID, TEAM_ID, KLUB_ID, NAZWA, DATA_URODZENIA, WZROST) VALUES (668, 1, 29, 296, 'SOMMER Yan', '1988-12-17', 183);
INSERT INTO ZAWODNIK (ID,POZYCJA_ID, TEAM_ID, KLUB_ID, NAZWA, DATA_URODZENIA, WZROST) VALUES (669, 2, 29, 178, 'LICHTSTEINER Stepha', '1984-01-16', 181);
INSERT INTO ZAWODNIK (ID,POZYCJA_ID, TEAM_ID, KLUB_ID, NAZWA, DATA_URODZENIA, WZROST) VALUES (670, 2, 29, 279, 'MOUBANDJE Francois', '1990-06-21', 180);
INSERT INTO ZAWODNIK (ID,POZYCJA_ID, TEAM_ID, KLUB_ID, NAZWA, DATA_URODZENIA, WZROST) VALUES (671, 2, 29, 296, 'ELVEDI Nico', '1996-09-30', 187);
INSERT INTO ZAWODNIK (ID,POZYCJA_ID, TEAM_ID, KLUB_ID, NAZWA, DATA_URODZENIA, WZROST) VALUES (672, 2, 29, 46, 'AKANJI Manuel', '1995-07-19', 186);
INSERT INTO ZAWODNIK (ID,POZYCJA_ID, TEAM_ID, KLUB_ID, NAZWA, DATA_URODZENIA, WZROST) VALUES (673, 2, 29, 114, 'LANG Michael', '1991-02-08', 185);
INSERT INTO ZAWODNIK (ID,POZYCJA_ID, TEAM_ID, KLUB_ID, NAZWA, DATA_URODZENIA, WZROST) VALUES (674, 4, 29, 132, 'EMBOLO Breel', '1997-02-14', 184);
INSERT INTO ZAWODNIK (ID,POZYCJA_ID, TEAM_ID, KLUB_ID, NAZWA, DATA_URODZENIA, WZROST) VALUES (675, 3, 29, 34, 'FREULER Remo', '1992-04-15', 181);
INSERT INTO ZAWODNIK (ID,POZYCJA_ID, TEAM_ID, KLUB_ID, NAZWA, DATA_URODZENIA, WZROST) VALUES (676, 4, 29, 258, 'SEFEROVIC Haris', '1992-02-22', 186);
INSERT INTO ZAWODNIK (ID,POZYCJA_ID, TEAM_ID, KLUB_ID, NAZWA, DATA_URODZENIA, WZROST) VALUES (677, 3, 29, 29, 'XHAKA Granit', '1992-09-27', 183);
INSERT INTO ZAWODNIK (ID,POZYCJA_ID, TEAM_ID, KLUB_ID, NAZWA, DATA_URODZENIA, WZROST) VALUES (678, 3, 29, 284, 'BEHRAMI Valo', '1985-04-19', 184);
INSERT INTO ZAWODNIK (ID,POZYCJA_ID, TEAM_ID, KLUB_ID, NAZWA, DATA_URODZENIA, WZROST) VALUES (679, 1, 29, 235, 'MVOGO Yvo', '1994-06-06', 186);
INSERT INTO ZAWODNIK (ID,POZYCJA_ID, TEAM_ID, KLUB_ID, NAZWA, DATA_URODZENIA, WZROST) VALUES (680, 2, 29, 5, 'RODRIGUEZ Ricardo', '1992-08-25', 180);
INSERT INTO ZAWODNIK (ID,POZYCJA_ID, TEAM_ID, KLUB_ID, NAZWA, DATA_URODZENIA, WZROST) VALUES (681, 3, 29, 281, 'ZUBER Steve', '1991-08-17', 182);
INSERT INTO ZAWODNIK (ID,POZYCJA_ID, TEAM_ID, KLUB_ID, NAZWA, DATA_URODZENIA, WZROST) VALUES (682, 3, 29, 45, 'DZEMAILI Blerim', '1986-04-12', 180);
INSERT INTO ZAWODNIK (ID,POZYCJA_ID, TEAM_ID, KLUB_ID, NAZWA, DATA_URODZENIA, WZROST) VALUES (683, 3, 29, 102, 'FERNANDES Gelso', '1986-09-02', 180);
INSERT INTO ZAWODNIK (ID,POZYCJA_ID, TEAM_ID, KLUB_ID, NAZWA, DATA_URODZENIA, WZROST) VALUES (684, 3, 29, 296, 'ZAKARIA Denis', '1996-11-20', 189);
INSERT INTO ZAWODNIK (ID,POZYCJA_ID, TEAM_ID, KLUB_ID, NAZWA, DATA_URODZENIA, WZROST) VALUES (685, 4, 29, 152, 'GAVRANOVIC Mario', '1989-11-24', 175);
INSERT INTO ZAWODNIK (ID,POZYCJA_ID, TEAM_ID, KLUB_ID, NAZWA, DATA_URODZENIA, WZROST) VALUES (686, 4, 29, 296, 'DRMIC Josip', '1992-08-08', 184);
INSERT INTO ZAWODNIK (ID,POZYCJA_ID, TEAM_ID, KLUB_ID, NAZWA, DATA_URODZENIA, WZROST) VALUES (687, 2, 29, 28, 'DJOUROU Joha', '1987-01-18', 192);
INSERT INTO ZAWODNIK (ID,POZYCJA_ID, TEAM_ID, KLUB_ID, NAZWA, DATA_URODZENIA, WZROST) VALUES (688, 1, 29, 46, 'BUERKI Roma', '1990-11-14', 188);
INSERT INTO ZAWODNIK (ID,POZYCJA_ID, TEAM_ID, KLUB_ID, NAZWA, DATA_URODZENIA, WZROST) VALUES (689, 2, 29, 95, 'SCHAER Fabia', '1991-12-20', 186);
INSERT INTO ZAWODNIK (ID,POZYCJA_ID, TEAM_ID, KLUB_ID, NAZWA, DATA_URODZENIA, WZROST) VALUES (690, 3, 29, 268, 'SHAQIRI Xherda', '1991-10-10', 165);
INSERT INTO ZAWODNIK (ID,POZYCJA_ID, TEAM_ID, KLUB_ID, NAZWA, DATA_URODZENIA, WZROST) VALUES (691, 1, 31, 23, 'BEN MUSTAPHA Farouk', '1989-07-01', 192);
INSERT INTO ZAWODNIK (ID,POZYCJA_ID, TEAM_ID, KLUB_ID, NAZWA, DATA_URODZENIA, WZROST) VALUES (692, 2, 31, 184, 'BEN YOUSSEF Syam', '1989-03-31', 189);
INSERT INTO ZAWODNIK (ID,POZYCJA_ID, TEAM_ID, KLUB_ID, NAZWA, DATA_URODZENIA, WZROST) VALUES (693, 2, 31, 197, 'BEN ALOUANE Yoha', '1987-03-28', 185);
INSERT INTO ZAWODNIK (ID,POZYCJA_ID, TEAM_ID, KLUB_ID, NAZWA, DATA_URODZENIA, WZROST) VALUES (694, 2, 31, 88, 'MERIAH Yassine', '1993-07-02', 183);
INSERT INTO ZAWODNIK (ID,POZYCJA_ID, TEAM_ID, KLUB_ID, NAZWA, DATA_URODZENIA, WZROST) VALUES (695, 2, 31, 99, 'HADDADI Oussama', '1992-01-28', 185);
INSERT INTO ZAWODNIK (ID,POZYCJA_ID, TEAM_ID, KLUB_ID, NAZWA, DATA_URODZENIA, WZROST) VALUES (696, 2, 31, 107, 'BEDOUI Rami', '1990-01-19', 187);
INSERT INTO ZAWODNIK (ID,POZYCJA_ID, TEAM_ID, KLUB_ID, NAZWA, DATA_URODZENIA, WZROST) VALUES (697, 4, 31, 104, 'KHAOUI Saifeddine', '1995-04-27', 180);
INSERT INTO ZAWODNIK (ID,POZYCJA_ID, TEAM_ID, KLUB_ID, NAZWA, DATA_URODZENIA, WZROST) VALUES (698, 4, 31, 18, 'BEN YOUSSEF Fakhreddine', '1991-06-23', 189);
INSERT INTO ZAWODNIK (ID,POZYCJA_ID, TEAM_ID, KLUB_ID, NAZWA, DATA_URODZENIA, WZROST) VALUES (699, 3, 31, 105, 'BADRI Anice', '1990-09-18', 178);
INSERT INTO ZAWODNIK (ID,POZYCJA_ID, TEAM_ID, KLUB_ID, NAZWA, DATA_URODZENIA, WZROST) VALUES (700, 4, 31, 266, 'KHAZRI Wahbi', '1991-02-08', 182);
INSERT INTO ZAWODNIK (ID,POZYCJA_ID, TEAM_ID, KLUB_ID, NAZWA, DATA_URODZENIA, WZROST) VALUES (701, 2, 31, 179, 'BRONN Dyla', '1995-06-19', 186);
INSERT INTO ZAWODNIK (ID,POZYCJA_ID, TEAM_ID, KLUB_ID, NAZWA, DATA_URODZENIA, WZROST) VALUES (702, 2, 31, 12, 'MAALOUL Ali', '1990-01-01', 170);
INSERT INTO ZAWODNIK (ID,POZYCJA_ID, TEAM_ID, KLUB_ID, NAZWA, DATA_URODZENIA, WZROST) VALUES (703, 3, 31, 20, 'SASSI Ferjani', '1992-03-18', 186);
INSERT INTO ZAWODNIK (ID,POZYCJA_ID, TEAM_ID, KLUB_ID, NAZWA, DATA_URODZENIA, WZROST) VALUES (704, 3, 31, 11, 'BEN AMOR Mohamed', '1992-05-03', 180);
INSERT INTO ZAWODNIK (ID,POZYCJA_ID, TEAM_ID, KLUB_ID, NAZWA, DATA_URODZENIA, WZROST) VALUES (705, 4, 31, 77, 'KHALIL Ahmed', '1994-12-21', 187);
INSERT INTO ZAWODNIK (ID,POZYCJA_ID, TEAM_ID, KLUB_ID, NAZWA, DATA_URODZENIA, WZROST) VALUES (706, 1, 31, 14, 'MATHLOUTHI Ayme', '1984-09-14', 182);
INSERT INTO ZAWODNIK (ID,POZYCJA_ID, TEAM_ID, KLUB_ID, NAZWA, DATA_URODZENIA, WZROST) VALUES (707, 3, 31, 212, 'SKHIRI Ellyes', '1995-05-10', 185);
INSERT INTO ZAWODNIK (ID,POZYCJA_ID, TEAM_ID, KLUB_ID, NAZWA, DATA_URODZENIA, WZROST) VALUES (708, 4, 31, 217, 'SRARFI Bassem', '1997-06-25', 176);
INSERT INTO ZAWODNIK (ID,POZYCJA_ID, TEAM_ID, KLUB_ID, NAZWA, DATA_URODZENIA, WZROST) VALUES (709, 4, 31, 77, 'KHALIFA Saber', '1986-10-14', 185);
INSERT INTO ZAWODNIK (ID,POZYCJA_ID, TEAM_ID, KLUB_ID, NAZWA, DATA_URODZENIA, WZROST) VALUES (710, 4, 31, 105, 'CHAALELI Ghayle', '1994-02-28', 179);
INSERT INTO ZAWODNIK (ID,POZYCJA_ID, TEAM_ID, KLUB_ID, NAZWA, DATA_URODZENIA, WZROST) VALUES (711, 2, 31, 309, 'NAGUEZ Hamdi', '1992-10-28', 186);
INSERT INTO ZAWODNIK (ID,POZYCJA_ID, TEAM_ID, KLUB_ID, NAZWA, DATA_URODZENIA, WZROST) VALUES (712, 1, 31, 192, 'HASSEN Mouez', '1995-03-05', 186);
INSERT INTO ZAWODNIK (ID,POZYCJA_ID, TEAM_ID, KLUB_ID, NAZWA, DATA_URODZENIA, WZROST) VALUES (713, 4, 31, 99, 'SLITI Naim', '1992-07-27', 173);
INSERT INTO ZAWODNIK (ID,POZYCJA_ID, TEAM_ID, KLUB_ID, NAZWA, DATA_URODZENIA, WZROST) VALUES (714, 1, 32, 147, 'MUSLERA Fernando', '1986-06-16', 190);
INSERT INTO ZAWODNIK (ID,POZYCJA_ID, TEAM_ID, KLUB_ID, NAZWA, DATA_URODZENIA, WZROST) VALUES (715, 2, 32, 38, 'GIMENEZ Jose', '1995-01-20', 185);
INSERT INTO ZAWODNIK (ID,POZYCJA_ID, TEAM_ID, KLUB_ID, NAZWA, DATA_URODZENIA, WZROST) VALUES (716, 2, 32, 38, 'GODIN Diego', '1986-02-16', 185);
INSERT INTO ZAWODNIK (ID,POZYCJA_ID, TEAM_ID, KLUB_ID, NAZWA, DATA_URODZENIA, WZROST) VALUES (717, 2, 32, 56, 'VARELA Guillermo', '1993-03-24', 173);
INSERT INTO ZAWODNIK (ID,POZYCJA_ID, TEAM_ID, KLUB_ID, NAZWA, DATA_URODZENIA, WZROST) VALUES (718, 3, 32, 71, 'SANCHEZ Carlos', '1984-12-02', 171);
INSERT INTO ZAWODNIK (ID,POZYCJA_ID, TEAM_ID, KLUB_ID, NAZWA, DATA_URODZENIA, WZROST) VALUES (719, 3, 32, 178, 'BENTANCUR Rodrigo', '1997-06-25', 187);
INSERT INTO ZAWODNIK (ID,POZYCJA_ID, TEAM_ID, KLUB_ID, NAZWA, DATA_URODZENIA, WZROST) VALUES (720, 3, 32, 56, 'RODRIGUEZ Cristia', '1985-09-30', 178);
INSERT INTO ZAWODNIK (ID,POZYCJA_ID, TEAM_ID, KLUB_ID, NAZWA, DATA_URODZENIA, WZROST) VALUES (721, 3, 32, 53, 'NANDEZ Nahita', '1995-12-28', 171);
INSERT INTO ZAWODNIK (ID,POZYCJA_ID, TEAM_ID, KLUB_ID, NAZWA, DATA_URODZENIA, WZROST) VALUES (722, 4, 32, 113, 'SUAREZ Luis', '1987-01-24', 182);
INSERT INTO ZAWODNIK (ID,POZYCJA_ID, TEAM_ID, KLUB_ID, NAZWA, DATA_URODZENIA, WZROST) VALUES (723, 4, 32, 84, 'DE ARRASCAETA Giorgia', '1994-06-01', 172);
INSERT INTO ZAWODNIK (ID,POZYCJA_ID, TEAM_ID, KLUB_ID, NAZWA, DATA_URODZENIA, WZROST) VALUES (724, 4, 32, 151, 'STUANI Cristhia', '1986-10-12', 186);
INSERT INTO ZAWODNIK (ID,POZYCJA_ID, TEAM_ID, KLUB_ID, NAZWA, DATA_URODZENIA, WZROST) VALUES (725, 1, 32, 54, 'CAMPANA Marti', '1989-05-29', 184);
INSERT INTO ZAWODNIK (ID,POZYCJA_ID, TEAM_ID, KLUB_ID, NAZWA, DATA_URODZENIA, WZROST) VALUES (726, 2, 32, 54, 'SILVA Gasto', '1994-03-05', 185);
INSERT INTO ZAWODNIK (ID,POZYCJA_ID, TEAM_ID, KLUB_ID, NAZWA, DATA_URODZENIA, WZROST) VALUES (727, 3, 32, 282, 'TORREIRA Lucas', '1996-02-11', 168);
INSERT INTO ZAWODNIK (ID,POZYCJA_ID, TEAM_ID, KLUB_ID, NAZWA, DATA_URODZENIA, WZROST) VALUES (728, 3, 32, 119, 'VECINO Matias', '1991-08-24', 189);
INSERT INTO ZAWODNIK (ID,POZYCJA_ID, TEAM_ID, KLUB_ID, NAZWA, DATA_URODZENIA, WZROST) VALUES (729, 2, 32, 128, 'PEREIRA Maximiliano', '1984-06-08', 173);
INSERT INTO ZAWODNIK (ID,POZYCJA_ID, TEAM_ID, KLUB_ID, NAZWA, DATA_URODZENIA, WZROST) VALUES (730, 3, 32, 149, 'LAXALT Diego', '1993-02-07', 178);
INSERT INTO ZAWODNIK (ID,POZYCJA_ID, TEAM_ID, KLUB_ID, NAZWA, DATA_URODZENIA, WZROST) VALUES (731, 4, 32, 66, 'GOMEZ Maximiliano', '1996-08-14', 186);
INSERT INTO ZAWODNIK (ID,POZYCJA_ID, TEAM_ID, KLUB_ID, NAZWA, DATA_URODZENIA, WZROST) VALUES (732, 2, 32, 263, 'COATES Sebastia', '1990-10-07', 196);
INSERT INTO ZAWODNIK (ID,POZYCJA_ID, TEAM_ID, KLUB_ID, NAZWA, DATA_URODZENIA, WZROST) VALUES (733, 4, 32, 71, 'URRETAVISCAYA Jonatha', '1990-03-19', 172);
INSERT INTO ZAWODNIK (ID,POZYCJA_ID, TEAM_ID, KLUB_ID, NAZWA, DATA_URODZENIA, WZROST) VALUES (734, 4, 32, 224, 'CAVANI Edinso', '1987-02-14', 188);
INSERT INTO ZAWODNIK (ID,POZYCJA_ID, TEAM_ID, KLUB_ID, NAZWA, DATA_URODZENIA, WZROST) VALUES (735, 2, 32, 264, 'CACERES Marti', '1987-04-07', 178);
INSERT INTO ZAWODNIK (ID,POZYCJA_ID, TEAM_ID, KLUB_ID, NAZWA, DATA_URODZENIA, WZROST) VALUES (736, 1, 32, 82, 'SILVA Marti', '1983-03-25', 187);
